[INFO] Scanning for projects...
[INFO] 
[INFO] --------------------------< com.example:demo >--------------------------
[INFO] Building demo 0.0.1-SNAPSHOT
[INFO]   from pom.xml
[INFO] --------------------------------[ jar ]---------------------------------
[INFO] 
[INFO] >>> spring-boot:4.0.2:run (default-cli) > test-compile @ demo >>>
[INFO] 
[INFO] --- resources:3.3.1:resources (default-resources) @ demo ---
[INFO] Copying 1 resource from src/main/resources to target/classes
[INFO] Copying 0 resource from src/main/resources to target/classes
[INFO] 
[INFO] --- compiler:3.14.1:compile (default-compile) @ demo ---
[INFO] Nothing to compile - all classes are up to date.
[INFO] 
[INFO] --- resources:3.3.1:testResources (default-testResources) @ demo ---
[INFO] skip non existing resourceDirectory /Users/sumankatuwal/Desktop/suman_project/nepheal-backend/src/test/resources
[INFO] 
[INFO] --- compiler:3.14.1:testCompile (default-testCompile) @ demo ---
[INFO] Nothing to compile - all classes are up to date.
[INFO] 
[INFO] <<< spring-boot:4.0.2:run (default-cli) < test-compile @ demo <<<
[INFO] 
[INFO] 
[INFO] --- spring-boot:4.0.2:run (default-cli) @ demo ---
[INFO] Attaching agents: []

  .   ____          _            __ _ _
 /\\ / ___'_ __ _ _(_)_ __  __ _ \ \ \ \
( ( )\___ | '_ | '_| | '_ \/ _` | \ \ \ \
 \\/  ___)| |_)| | | | | || (_| |  ) ) ) )
  '  |____| .__|_| |_|_| |_\__, | / / / /
 =========|_|==============|___/=/_/_/_/

 :: Spring Boot ::                (v4.0.2)

2026-01-25T23:11:07.710+05:45  INFO 73111 --- [nepheal-backend] [           main] com.nepheal.NephealApplication           : Starting NephealApplication using Java 24.0.1 with PID 73111 (/Users/sumankatuwal/Desktop/suman_project/nepheal-backend/target/classes started by sumankatuwal in /Users/sumankatuwal/Desktop/suman_project/nepheal-backend)
2026-01-25T23:11:07.711+05:45 DEBUG 73111 --- [nepheal-backend] [           main] com.nepheal.NephealApplication           : Running with Spring Boot v4.0.2, Spring v7.0.3
2026-01-25T23:11:07.711+05:45  INFO 73111 --- [nepheal-backend] [           main] com.nepheal.NephealApplication           : No active profile set, falling back to 1 default profile: "default"
2026-01-25T23:11:07.971+05:45  INFO 73111 --- [nepheal-backend] [           main] .s.d.r.c.RepositoryConfigurationDelegate : Bootstrapping Spring Data JPA repositories in DEFAULT mode.
2026-01-25T23:11:07.993+05:45  INFO 73111 --- [nepheal-backend] [           main] .s.d.r.c.RepositoryConfigurationDelegate : Finished Spring Data repository scanning in 19 ms. Found 4 JPA repository interfaces.
2026-01-25T23:11:08.207+05:45  INFO 73111 --- [nepheal-backend] [           main] o.s.boot.tomcat.TomcatWebServer          : Tomcat initialized with port 8080 (http)
2026-01-25T23:11:08.212+05:45  INFO 73111 --- [nepheal-backend] [           main] o.apache.catalina.core.StandardService   : Starting service [Tomcat]
2026-01-25T23:11:08.213+05:45  INFO 73111 --- [nepheal-backend] [           main] o.apache.catalina.core.StandardEngine    : Starting Servlet engine: [Apache Tomcat/11.0.15]
2026-01-25T23:11:08.234+05:45  INFO 73111 --- [nepheal-backend] [           main] b.w.c.s.WebApplicationContextInitializer : Root WebApplicationContext: initialization completed in 501 ms
2026-01-25T23:11:08.283+05:45  INFO 73111 --- [nepheal-backend] [           main] org.hibernate.orm.jpa                    : HHH008540: Processing PersistenceUnitInfo [name: default]
2026-01-25T23:11:08.299+05:45  INFO 73111 --- [nepheal-backend] [           main] org.hibernate.orm.core                   : HHH000001: Hibernate ORM core version 7.2.1.Final
2026-01-25T23:11:08.459+05:45  INFO 73111 --- [nepheal-backend] [           main] o.s.o.j.p.SpringPersistenceUnitInfo      : No LoadTimeWeaver setup: ignoring JPA class transformer
2026-01-25T23:11:08.472+05:45  INFO 73111 --- [nepheal-backend] [           main] com.zaxxer.hikari.HikariDataSource       : HikariPool-1 - Starting...
2026-01-25T23:11:08.553+05:45  INFO 73111 --- [nepheal-backend] [           main] com.zaxxer.hikari.pool.HikariPool        : HikariPool-1 - Added connection org.postgresql.jdbc.PgConnection@7cecab19
2026-01-25T23:11:08.554+05:45  INFO 73111 --- [nepheal-backend] [           main] com.zaxxer.hikari.HikariDataSource       : HikariPool-1 - Start completed.
2026-01-25T23:11:08.566+05:45  WARN 73111 --- [nepheal-backend] [           main] org.hibernate.orm.deprecation            : HHH90000025: PostgreSQLDialect does not need to be specified explicitly using 'hibernate.dialect' (remove the property setting and it will be selected by default)
2026-01-25T23:11:08.575+05:45  INFO 73111 --- [nepheal-backend] [           main] org.hibernate.orm.connections.pooling    : HHH10001005: Database info:
	Database JDBC URL [jdbc:postgresql://localhost:5432/nephealll]
	Database driver: PostgreSQL JDBC Driver
	Database dialect: PostgreSQLDialect
	Database version: 18.1
	Default catalog/schema: nephealll/public
	Autocommit mode: undefined/unknown
	Isolation level: READ_COMMITTED [default READ_COMMITTED]
	JDBC fetch size: none
	Pool: DataSourceConnectionProvider
	Minimum pool size: undefined/unknown
	Maximum pool size: undefined/unknown
2026-01-25T23:11:08.971+05:45  INFO 73111 --- [nepheal-backend] [           main] org.hibernate.orm.core                   : HHH000489: No JTA platform available (set 'hibernate.transaction.jta.platform' to enable JTA platform integration)
2026-01-25T23:11:09.010+05:45  INFO 73111 --- [nepheal-backend] [           main] j.LocalContainerEntityManagerFactoryBean : Initialized JPA EntityManagerFactory for persistence unit 'default'
2026-01-25T23:11:09.052+05:45  INFO 73111 --- [nepheal-backend] [           main] o.s.d.j.r.query.QueryEnhancerFactories   : Hibernate is in classpath; If applicable, HQL parser will be used.
2026-01-25T23:11:09.136+05:45 DEBUG 73111 --- [nepheal-backend] [           main] c.n.config.JwtAuthenticationFilter       : Filter 'jwtAuthenticationFilter' configured for use
2026-01-25T23:11:09.548+05:45  INFO 73111 --- [nepheal-backend] [           main] eAuthenticationProviderManagerConfigurer : Global AuthenticationManager configured with AuthenticationProvider bean with name authenticationProvider
2026-01-25T23:11:09.548+05:45  WARN 73111 --- [nepheal-backend] [           main] r$InitializeUserDetailsManagerConfigurer : Global AuthenticationManager configured with an AuthenticationProvider bean. UserDetailsService beans will not be used by Spring Security for automatically configuring username/password login. Consider removing the AuthenticationProvider bean. Alternatively, consider using the UserDetailsService in a manually instantiated DaoAuthenticationProvider. If the current configuration is intentional, to turn off this warning, increase the logging level of 'org.springframework.security.config.annotation.authentication.configuration.InitializeUserDetailsBeanManagerConfigurer' to ERROR
2026-01-25T23:11:09.584+05:45  WARN 73111 --- [nepheal-backend] [           main] JpaBaseConfiguration$JpaWebConfiguration : spring.jpa.open-in-view is enabled by default. Therefore, database queries may be performed during view rendering. Explicitly configure spring.jpa.open-in-view to disable this warning
2026-01-25T23:11:09.853+05:45  INFO 73111 --- [nepheal-backend] [           main] o.s.boot.tomcat.TomcatWebServer          : Tomcat started on port 8080 (http) with context path '/'
2026-01-25T23:11:09.855+05:45  INFO 73111 --- [nepheal-backend] [           main] com.nepheal.NephealApplication           : Started NephealApplication in 2.283 seconds (process running for 2.428)
2026-01-25T23:11:35.814+05:45  INFO 73111 --- [nepheal-backend] [nio-8080-exec-1] o.a.c.c.C.[Tomcat].[localhost].[/]       : Initializing Spring DispatcherServlet 'dispatcherServlet'
2026-01-25T23:11:35.814+05:45  INFO 73111 --- [nepheal-backend] [nio-8080-exec-1] o.s.web.servlet.DispatcherServlet        : Initializing Servlet 'dispatcherServlet'
2026-01-25T23:11:35.815+05:45  INFO 73111 --- [nepheal-backend] [nio-8080-exec-1] o.s.web.servlet.DispatcherServlet        : Completed initialization in 1 ms
2026-01-25T23:11:35.820+05:45  WARN 73111 --- [nepheal-backend] [nio-8080-exec-1] o.s.w.s.h.HandlerMappingIntrospector     : Cache miss for REQUEST dispatch to '/api/admin/stats' (previous null). Performing CorsConfiguration lookup. This is logged once only at WARN level, and every time at TRACE.
Hibernate: select u1_0.id,u1_0.email,u1_0.full_name,u1_0.password,u1_0.role from users u1_0 where u1_0.email=?
Hibernate: select count(*) from doctors d1_0
Hibernate: select count(*) from patients p1_0
Hibernate: select count(*) from appointments a1_0
Hibernate: select count(a1_0.id) from appointments a1_0 where a1_0.date_time between ? and ?
Hibernate: select u1_0.id,u1_0.email,u1_0.full_name,u1_0.password,u1_0.role from users u1_0 where u1_0.email=?
Hibernate: select count(*) from doctors d1_0
Hibernate: select count(*) from patients p1_0
Hibernate: select count(*) from appointments a1_0
Hibernate: select count(a1_0.id) from appointments a1_0 where a1_0.date_time between ? and ?
Hibernate: select u1_0.id,u1_0.email,u1_0.full_name,u1_0.password,u1_0.role from users u1_0 where u1_0.email=?
Hibernate: select count(*) from doctors d1_0
Hibernate: select count(*) from patients p1_0
Hibernate: select count(*) from appointments a1_0
Hibernate: select count(a1_0.id) from appointments a1_0 where a1_0.date_time between ? and ?
Hibernate: select u1_0.id,u1_0.email,u1_0.full_name,u1_0.password,u1_0.role from users u1_0 where u1_0.email=?
Hibernate: select count(*) from doctors d1_0
Hibernate: select count(*) from patients p1_0
Hibernate: select count(*) from appointments a1_0
Hibernate: select count(a1_0.id) from appointments a1_0 where a1_0.date_time between ? and ?
Hibernate: select u1_0.id,u1_0.email,u1_0.full_name,u1_0.password,u1_0.role from users u1_0 where u1_0.email=?
Hibernate: select count(*) from doctors d1_0
Hibernate: select count(*) from patients p1_0
Hibernate: select count(*) from appointments a1_0
Hibernate: select count(a1_0.id) from appointments a1_0 where a1_0.date_time between ? and ?
Hibernate: select u1_0.id,u1_0.email,u1_0.full_name,u1_0.password,u1_0.role from users u1_0 where u1_0.email=?
Hibernate: select count(*) from doctors d1_0
Hibernate: select count(*) from patients p1_0
Hibernate: select count(*) from appointments a1_0
Hibernate: select count(a1_0.id) from appointments a1_0 where a1_0.date_time between ? and ?
Hibernate: select u1_0.id,u1_0.email,u1_0.full_name,u1_0.password,u1_0.role from users u1_0 where u1_0.email=?
Hibernate: select count(*) from doctors d1_0
Hibernate: select count(*) from patients p1_0
Hibernate: select count(*) from appointments a1_0
Hibernate: select count(a1_0.id) from appointments a1_0 where a1_0.date_time between ? and ?
Hibernate: select u1_0.id,u1_0.email,u1_0.full_name,u1_0.password,u1_0.role from users u1_0 where u1_0.email=?
Hibernate: select count(*) from doctors d1_0
Hibernate: select count(*) from patients p1_0
Hibernate: select count(*) from appointments a1_0
Hibernate: select count(a1_0.id) from appointments a1_0 where a1_0.date_time between ? and ?
Hibernate: select u1_0.id,u1_0.email,u1_0.full_name,u1_0.password,u1_0.role from users u1_0 where u1_0.email=?
Hibernate: select count(*) from doctors d1_0
Hibernate: select count(*) from patients p1_0
Hibernate: select count(*) from appointments a1_0
Hibernate: select count(a1_0.id) from appointments a1_0 where a1_0.date_time between ? and ?
Hibernate: select u1_0.id,u1_0.email,u1_0.full_name,u1_0.password,u1_0.role from users u1_0 where u1_0.email=?
Hibernate: select count(*) from doctors d1_0
Hibernate: select count(*) from patients p1_0
Hibernate: select count(*) from appointments a1_0
Hibernate: select count(a1_0.id) from appointments a1_0 where a1_0.date_time between ? and ?
Hibernate: select u1_0.id,u1_0.email,u1_0.full_name,u1_0.password,u1_0.role from users u1_0 where u1_0.email=?
Hibernate: select count(*) from doctors d1_0
Hibernate: select count(*) from patients p1_0
Hibernate: select count(*) from appointments a1_0
Hibernate: select count(a1_0.id) from appointments a1_0 where a1_0.date_time between ? and ?
Hibernate: select u1_0.id,u1_0.email,u1_0.full_name,u1_0.password,u1_0.role from users u1_0 where u1_0.email=?
Hibernate: select count(*) from doctors d1_0
Hibernate: select count(*) from patients p1_0
Hibernate: select count(*) from appointments a1_0
Hibernate: select count(a1_0.id) from appointments a1_0 where a1_0.date_time between ? and ?
Hibernate: select u1_0.id,u1_0.email,u1_0.full_name,u1_0.password,u1_0.role from users u1_0 where u1_0.email=?
Hibernate: select count(*) from doctors d1_0
Hibernate: select count(*) from patients p1_0
Hibernate: select count(*) from appointments a1_0
Hibernate: select count(a1_0.id) from appointments a1_0 where a1_0.date_time between ? and ?
Hibernate: select u1_0.id,u1_0.email,u1_0.full_name,u1_0.password,u1_0.role from users u1_0 where u1_0.email=?
Hibernate: select count(*) from doctors d1_0
Hibernate: select count(*) from patients p1_0
Hibernate: select count(*) from appointments a1_0
Hibernate: select count(a1_0.id) from appointments a1_0 where a1_0.date_time between ? and ?
Hibernate: select u1_0.id,u1_0.email,u1_0.full_name,u1_0.password,u1_0.role from users u1_0 where u1_0.email=?
Hibernate: select count(*) from doctors d1_0
Hibernate: select count(*) from patients p1_0
Hibernate: select count(*) from appointments a1_0
Hibernate: select count(a1_0.id) from appointments a1_0 where a1_0.date_time between ? and ?
Hibernate: select u1_0.id,u1_0.email,u1_0.full_name,u1_0.password,u1_0.role from users u1_0 where u1_0.email=?
Hibernate: select count(*) from doctors d1_0
Hibernate: select count(*) from patients p1_0
Hibernate: select count(*) from appointments a1_0
Hibernate: select count(a1_0.id) from appointments a1_0 where a1_0.date_time between ? and ?
Hibernate: select u1_0.id,u1_0.email,u1_0.full_name,u1_0.password,u1_0.role from users u1_0 where u1_0.email=?
Hibernate: select count(*) from doctors d1_0
Hibernate: select count(*) from patients p1_0
Hibernate: select count(*) from appointments a1_0
Hibernate: select count(a1_0.id) from appointments a1_0 where a1_0.date_time between ? and ?
Hibernate: select u1_0.id,u1_0.email,u1_0.full_name,u1_0.password,u1_0.role from users u1_0 where u1_0.email=?
Hibernate: select count(*) from doctors d1_0
Hibernate: select count(*) from patients p1_0
Hibernate: select count(*) from appointments a1_0
Hibernate: select count(a1_0.id) from appointments a1_0 where a1_0.date_time between ? and ?
Hibernate: select u1_0.id,u1_0.email,u1_0.full_name,u1_0.password,u1_0.role from users u1_0 where u1_0.email=?
Hibernate: select count(*) from doctors d1_0
Hibernate: select count(*) from patients p1_0
Hibernate: select count(*) from appointments a1_0
Hibernate: select count(a1_0.id) from appointments a1_0 where a1_0.date_time between ? and ?
Hibernate: select u1_0.id,u1_0.email,u1_0.full_name,u1_0.password,u1_0.role from users u1_0 where u1_0.email=?
Hibernate: select count(*) from doctors d1_0
Hibernate: select count(*) from patients p1_0
Hibernate: select count(*) from appointments a1_0
Hibernate: select count(a1_0.id) from appointments a1_0 where a1_0.date_time between ? and ?
Hibernate: select u1_0.id,u1_0.email,u1_0.full_name,u1_0.password,u1_0.role from users u1_0 where u1_0.email=?
Hibernate: select count(*) from doctors d1_0
Hibernate: select count(*) from patients p1_0
Hibernate: select count(*) from appointments a1_0
Hibernate: select count(a1_0.id) from appointments a1_0 where a1_0.date_time between ? and ?
Hibernate: select u1_0.id,u1_0.email,u1_0.full_name,u1_0.password,u1_0.role from users u1_0 where u1_0.email=?
Hibernate: select count(*) from doctors d1_0
Hibernate: select count(*) from patients p1_0
Hibernate: select count(*) from appointments a1_0
Hibernate: select count(a1_0.id) from appointments a1_0 where a1_0.date_time between ? and ?
Hibernate: select u1_0.id,u1_0.email,u1_0.full_name,u1_0.password,u1_0.role from users u1_0 where u1_0.email=?
Hibernate: select count(*) from doctors d1_0
Hibernate: select count(*) from patients p1_0
Hibernate: select count(*) from appointments a1_0
Hibernate: select count(a1_0.id) from appointments a1_0 where a1_0.date_time between ? and ?
Hibernate: select u1_0.id,u1_0.email,u1_0.full_name,u1_0.password,u1_0.role from users u1_0 where u1_0.email=?
Hibernate: select count(*) from doctors d1_0
Hibernate: select count(*) from patients p1_0
Hibernate: select count(*) from appointments a1_0
Hibernate: select count(a1_0.id) from appointments a1_0 where a1_0.date_time between ? and ?
Hibernate: select u1_0.id,u1_0.email,u1_0.full_name,u1_0.password,u1_0.role from users u1_0 where u1_0.email=?
Hibernate: select count(*) from doctors d1_0
Hibernate: select count(*) from patients p1_0
Hibernate: select count(*) from appointments a1_0
Hibernate: select count(a1_0.id) from appointments a1_0 where a1_0.date_time between ? and ?
Hibernate: select u1_0.id,u1_0.email,u1_0.full_name,u1_0.password,u1_0.role from users u1_0 where u1_0.email=?
Hibernate: select count(*) from doctors d1_0
Hibernate: select count(*) from patients p1_0
Hibernate: select count(*) from appointments a1_0
Hibernate: select count(a1_0.id) from appointments a1_0 where a1_0.date_time between ? and ?
Hibernate: select u1_0.id,u1_0.email,u1_0.full_name,u1_0.password,u1_0.role from users u1_0 where u1_0.email=?
Hibernate: select count(*) from doctors d1_0
Hibernate: select count(*) from patients p1_0
Hibernate: select count(*) from appointments a1_0
Hibernate: select count(a1_0.id) from appointments a1_0 where a1_0.date_time between ? and ?
Hibernate: select u1_0.id,u1_0.email,u1_0.full_name,u1_0.password,u1_0.role from users u1_0 where u1_0.email=?
Hibernate: select count(*) from doctors d1_0
Hibernate: select count(*) from patients p1_0
Hibernate: select count(*) from appointments a1_0
Hibernate: select count(a1_0.id) from appointments a1_0 where a1_0.date_time between ? and ?
Hibernate: select u1_0.id,u1_0.email,u1_0.full_name,u1_0.password,u1_0.role from users u1_0 where u1_0.email=?
Hibernate: select count(*) from doctors d1_0
Hibernate: select count(*) from patients p1_0
Hibernate: select count(*) from appointments a1_0
Hibernate: select count(a1_0.id) from appointments a1_0 where a1_0.date_time between ? and ?
Hibernate: select u1_0.id,u1_0.email,u1_0.full_name,u1_0.password,u1_0.role from users u1_0 where u1_0.email=?
Hibernate: select count(*) from doctors d1_0
Hibernate: select count(*) from patients p1_0
Hibernate: select count(*) from appointments a1_0
Hibernate: select count(a1_0.id) from appointments a1_0 where a1_0.date_time between ? and ?
Hibernate: select u1_0.id,u1_0.email,u1_0.full_name,u1_0.password,u1_0.role from users u1_0 where u1_0.email=?
Hibernate: select count(*) from doctors d1_0
Hibernate: select count(*) from patients p1_0
Hibernate: select count(*) from appointments a1_0
Hibernate: select count(a1_0.id) from appointments a1_0 where a1_0.date_time between ? and ?
Hibernate: select u1_0.id,u1_0.email,u1_0.full_name,u1_0.password,u1_0.role from users u1_0 where u1_0.email=?
Hibernate: select count(*) from doctors d1_0
Hibernate: select count(*) from patients p1_0
Hibernate: select count(*) from appointments a1_0
Hibernate: select count(a1_0.id) from appointments a1_0 where a1_0.date_time between ? and ?
Hibernate: select u1_0.id,u1_0.email,u1_0.full_name,u1_0.password,u1_0.role from users u1_0 where u1_0.email=?
Hibernate: select count(*) from doctors d1_0
Hibernate: select count(*) from patients p1_0
Hibernate: select count(*) from appointments a1_0
Hibernate: select count(a1_0.id) from appointments a1_0 where a1_0.date_time between ? and ?
Hibernate: select u1_0.id,u1_0.email,u1_0.full_name,u1_0.password,u1_0.role from users u1_0 where u1_0.email=?
Hibernate: select count(*) from doctors d1_0
Hibernate: select count(*) from patients p1_0
Hibernate: select count(*) from appointments a1_0
Hibernate: select count(a1_0.id) from appointments a1_0 where a1_0.date_time between ? and ?
Hibernate: select u1_0.id,u1_0.email,u1_0.full_name,u1_0.password,u1_0.role from users u1_0 where u1_0.email=?
Hibernate: select count(*) from doctors d1_0
Hibernate: select count(*) from patients p1_0
Hibernate: select count(*) from appointments a1_0
Hibernate: select count(a1_0.id) from appointments a1_0 where a1_0.date_time between ? and ?
Hibernate: select u1_0.id,u1_0.email,u1_0.full_name,u1_0.password,u1_0.role from users u1_0 where u1_0.email=?
Hibernate: select count(*) from doctors d1_0
Hibernate: select count(*) from patients p1_0
Hibernate: select count(*) from appointments a1_0
Hibernate: select count(a1_0.id) from appointments a1_0 where a1_0.date_time between ? and ?
Hibernate: select u1_0.id,u1_0.email,u1_0.full_name,u1_0.password,u1_0.role from users u1_0 where u1_0.email=?
Hibernate: select count(*) from doctors d1_0
Hibernate: select count(*) from patients p1_0
Hibernate: select count(*) from appointments a1_0
Hibernate: select count(a1_0.id) from appointments a1_0 where a1_0.date_time between ? and ?
Hibernate: select u1_0.id,u1_0.email,u1_0.full_name,u1_0.password,u1_0.role from users u1_0 where u1_0.email=?
Hibernate: select count(*) from doctors d1_0
Hibernate: select count(*) from patients p1_0
Hibernate: select count(*) from appointments a1_0
Hibernate: select count(a1_0.id) from appointments a1_0 where a1_0.date_time between ? and ?
Hibernate: select u1_0.id,u1_0.email,u1_0.full_name,u1_0.password,u1_0.role from users u1_0 where u1_0.email=?
Hibernate: select count(*) from doctors d1_0
Hibernate: select count(*) from patients p1_0
Hibernate: select count(*) from appointments a1_0
Hibernate: select count(a1_0.id) from appointments a1_0 where a1_0.date_time between ? and ?
Hibernate: select u1_0.id,u1_0.email,u1_0.full_name,u1_0.password,u1_0.role from users u1_0 where u1_0.email=?
Hibernate: select count(*) from doctors d1_0
Hibernate: select count(*) from patients p1_0
Hibernate: select count(*) from appointments a1_0
Hibernate: select count(a1_0.id) from appointments a1_0 where a1_0.date_time between ? and ?
Hibernate: select u1_0.id,u1_0.email,u1_0.full_name,u1_0.password,u1_0.role from users u1_0 where u1_0.email=?
Hibernate: select count(*) from doctors d1_0
Hibernate: select count(*) from patients p1_0
Hibernate: select count(*) from appointments a1_0
Hibernate: select count(a1_0.id) from appointments a1_0 where a1_0.date_time between ? and ?
Hibernate: select u1_0.id,u1_0.email,u1_0.full_name,u1_0.password,u1_0.role from users u1_0 where u1_0.email=?
Hibernate: select count(*) from doctors d1_0
Hibernate: select count(*) from patients p1_0
Hibernate: select count(*) from appointments a1_0
Hibernate: select count(a1_0.id) from appointments a1_0 where a1_0.date_time between ? and ?
Hibernate: select u1_0.id,u1_0.email,u1_0.full_name,u1_0.password,u1_0.role from users u1_0 where u1_0.email=?
Hibernate: select count(*) from doctors d1_0
Hibernate: select count(*) from patients p1_0
Hibernate: select count(*) from appointments a1_0
Hibernate: select count(a1_0.id) from appointments a1_0 where a1_0.date_time between ? and ?
Hibernate: select u1_0.id,u1_0.email,u1_0.full_name,u1_0.password,u1_0.role from users u1_0 where u1_0.email=?
Hibernate: select count(*) from doctors d1_0
Hibernate: select count(*) from patients p1_0
Hibernate: select count(*) from appointments a1_0
Hibernate: select count(a1_0.id) from appointments a1_0 where a1_0.date_time between ? and ?
Hibernate: select u1_0.id,u1_0.email,u1_0.full_name,u1_0.password,u1_0.role from users u1_0 where u1_0.email=?
Hibernate: select count(*) from doctors d1_0
Hibernate: select count(*) from patients p1_0
Hibernate: select count(*) from appointments a1_0
Hibernate: select count(a1_0.id) from appointments a1_0 where a1_0.date_time between ? and ?
Hibernate: select u1_0.id,u1_0.email,u1_0.full_name,u1_0.password,u1_0.role from users u1_0 where u1_0.email=?
Hibernate: select count(*) from doctors d1_0
Hibernate: select count(*) from patients p1_0
Hibernate: select count(*) from appointments a1_0
Hibernate: select count(a1_0.id) from appointments a1_0 where a1_0.date_time between ? and ?
Hibernate: select u1_0.id,u1_0.email,u1_0.full_name,u1_0.password,u1_0.role from users u1_0 where u1_0.email=?
Hibernate: select count(*) from doctors d1_0
Hibernate: select count(*) from patients p1_0
Hibernate: select count(*) from appointments a1_0
Hibernate: select count(a1_0.id) from appointments a1_0 where a1_0.date_time between ? and ?
Hibernate: select u1_0.id,u1_0.email,u1_0.full_name,u1_0.password,u1_0.role from users u1_0 where u1_0.email=?
Hibernate: select count(*) from doctors d1_0
Hibernate: select count(*) from patients p1_0
Hibernate: select count(*) from appointments a1_0
Hibernate: select count(a1_0.id) from appointments a1_0 where a1_0.date_time between ? and ?
Hibernate: select u1_0.id,u1_0.email,u1_0.full_name,u1_0.password,u1_0.role from users u1_0 where u1_0.email=?
Hibernate: select count(*) from doctors d1_0
Hibernate: select count(*) from patients p1_0
Hibernate: select count(*) from appointments a1_0
Hibernate: select count(a1_0.id) from appointments a1_0 where a1_0.date_time between ? and ?
Hibernate: select u1_0.id,u1_0.email,u1_0.full_name,u1_0.password,u1_0.role from users u1_0 where u1_0.email=?
Hibernate: select count(*) from doctors d1_0
Hibernate: select count(*) from patients p1_0
Hibernate: select count(*) from appointments a1_0
Hibernate: select count(a1_0.id) from appointments a1_0 where a1_0.date_time between ? and ?
Hibernate: select u1_0.id,u1_0.email,u1_0.full_name,u1_0.password,u1_0.role from users u1_0 where u1_0.email=?
Hibernate: select count(*) from doctors d1_0
Hibernate: select count(*) from patients p1_0
Hibernate: select count(*) from appointments a1_0
Hibernate: select count(a1_0.id) from appointments a1_0 where a1_0.date_time between ? and ?
Hibernate: select u1_0.id,u1_0.email,u1_0.full_name,u1_0.password,u1_0.role from users u1_0 where u1_0.email=?
Hibernate: select count(*) from doctors d1_0
Hibernate: select count(*) from patients p1_0
Hibernate: select count(*) from appointments a1_0
Hibernate: select count(a1_0.id) from appointments a1_0 where a1_0.date_time between ? and ?
Hibernate: select u1_0.id,u1_0.email,u1_0.full_name,u1_0.password,u1_0.role from users u1_0 where u1_0.email=?
Hibernate: select count(*) from doctors d1_0
Hibernate: select count(*) from patients p1_0
Hibernate: select count(*) from appointments a1_0
Hibernate: select count(a1_0.id) from appointments a1_0 where a1_0.date_time between ? and ?
Hibernate: select u1_0.id,u1_0.email,u1_0.full_name,u1_0.password,u1_0.role from users u1_0 where u1_0.email=?
Hibernate: select count(*) from doctors d1_0
Hibernate: select count(*) from patients p1_0
Hibernate: select count(*) from appointments a1_0
Hibernate: select count(a1_0.id) from appointments a1_0 where a1_0.date_time between ? and ?
Hibernate: select u1_0.id,u1_0.email,u1_0.full_name,u1_0.password,u1_0.role from users u1_0 where u1_0.email=?
Hibernate: select count(*) from doctors d1_0
Hibernate: select count(*) from patients p1_0
Hibernate: select count(*) from appointments a1_0
Hibernate: select count(a1_0.id) from appointments a1_0 where a1_0.date_time between ? and ?
Hibernate: select u1_0.id,u1_0.email,u1_0.full_name,u1_0.password,u1_0.role from users u1_0 where u1_0.email=?
Hibernate: select count(*) from doctors d1_0
Hibernate: select count(*) from patients p1_0
Hibernate: select count(*) from appointments a1_0
Hibernate: select count(a1_0.id) from appointments a1_0 where a1_0.date_time between ? and ?
Hibernate: select u1_0.id,u1_0.email,u1_0.full_name,u1_0.password,u1_0.role from users u1_0 where u1_0.email=?
Hibernate: select count(*) from doctors d1_0
Hibernate: select count(*) from patients p1_0
Hibernate: select count(*) from appointments a1_0
Hibernate: select count(a1_0.id) from appointments a1_0 where a1_0.date_time between ? and ?
Hibernate: select u1_0.id,u1_0.email,u1_0.full_name,u1_0.password,u1_0.role from users u1_0 where u1_0.email=?
Hibernate: select count(*) from doctors d1_0
Hibernate: select count(*) from patients p1_0
Hibernate: select count(*) from appointments a1_0
Hibernate: select count(a1_0.id) from appointments a1_0 where a1_0.date_time between ? and ?
Hibernate: select u1_0.id,u1_0.email,u1_0.full_name,u1_0.password,u1_0.role from users u1_0 where u1_0.email=?
Hibernate: select count(*) from doctors d1_0
Hibernate: select count(*) from patients p1_0
Hibernate: select count(*) from appointments a1_0
Hibernate: select count(a1_0.id) from appointments a1_0 where a1_0.date_time between ? and ?
Hibernate: select u1_0.id,u1_0.email,u1_0.full_name,u1_0.password,u1_0.role from users u1_0 where u1_0.email=?
Hibernate: select count(*) from doctors d1_0
Hibernate: select count(*) from patients p1_0
Hibernate: select count(*) from appointments a1_0
Hibernate: select count(a1_0.id) from appointments a1_0 where a1_0.date_time between ? and ?
Hibernate: select u1_0.id,u1_0.email,u1_0.full_name,u1_0.password,u1_0.role from users u1_0 where u1_0.email=?
Hibernate: select count(*) from doctors d1_0
Hibernate: select count(*) from patients p1_0
Hibernate: select count(*) from appointments a1_0
Hibernate: select count(a1_0.id) from appointments a1_0 where a1_0.date_time between ? and ?
Hibernate: select u1_0.id,u1_0.email,u1_0.full_name,u1_0.password,u1_0.role from users u1_0 where u1_0.email=?
Hibernate: select count(*) from doctors d1_0
Hibernate: select count(*) from patients p1_0
Hibernate: select count(*) from appointments a1_0
Hibernate: select count(a1_0.id) from appointments a1_0 where a1_0.date_time between ? and ?
Hibernate: select u1_0.id,u1_0.email,u1_0.full_name,u1_0.password,u1_0.role from users u1_0 where u1_0.email=?
Hibernate: select count(*) from doctors d1_0
Hibernate: select count(*) from patients p1_0
Hibernate: select count(*) from appointments a1_0
Hibernate: select count(a1_0.id) from appointments a1_0 where a1_0.date_time between ? and ?
Hibernate: select u1_0.id,u1_0.email,u1_0.full_name,u1_0.password,u1_0.role from users u1_0 where u1_0.email=?
Hibernate: select count(*) from doctors d1_0
Hibernate: select count(*) from patients p1_0
Hibernate: select count(*) from appointments a1_0
Hibernate: select count(a1_0.id) from appointments a1_0 where a1_0.date_time between ? and ?
Hibernate: select u1_0.id,u1_0.email,u1_0.full_name,u1_0.password,u1_0.role from users u1_0 where u1_0.email=?
Hibernate: select count(*) from doctors d1_0
Hibernate: select count(*) from patients p1_0
Hibernate: select count(*) from appointments a1_0
Hibernate: select count(a1_0.id) from appointments a1_0 where a1_0.date_time between ? and ?
Hibernate: select u1_0.id,u1_0.email,u1_0.full_name,u1_0.password,u1_0.role from users u1_0 where u1_0.email=?
Hibernate: select count(*) from doctors d1_0
Hibernate: select count(*) from patients p1_0
Hibernate: select count(*) from appointments a1_0
Hibernate: select count(a1_0.id) from appointments a1_0 where a1_0.date_time between ? and ?
Hibernate: select u1_0.id,u1_0.email,u1_0.full_name,u1_0.password,u1_0.role from users u1_0 where u1_0.email=?
Hibernate: select count(*) from doctors d1_0
Hibernate: select count(*) from patients p1_0
Hibernate: select count(*) from appointments a1_0
Hibernate: select count(a1_0.id) from appointments a1_0 where a1_0.date_time between ? and ?
Hibernate: select u1_0.id,u1_0.email,u1_0.full_name,u1_0.password,u1_0.role from users u1_0 where u1_0.email=?
Hibernate: select count(*) from doctors d1_0
Hibernate: select count(*) from patients p1_0
Hibernate: select count(*) from appointments a1_0
Hibernate: select count(a1_0.id) from appointments a1_0 where a1_0.date_time between ? and ?
Hibernate: select u1_0.id,u1_0.email,u1_0.full_name,u1_0.password,u1_0.role from users u1_0 where u1_0.email=?
Hibernate: select count(*) from doctors d1_0
Hibernate: select count(*) from patients p1_0
Hibernate: select count(*) from appointments a1_0
Hibernate: select count(a1_0.id) from appointments a1_0 where a1_0.date_time between ? and ?
Hibernate: select u1_0.id,u1_0.email,u1_0.full_name,u1_0.password,u1_0.role from users u1_0 where u1_0.email=?
Hibernate: select count(*) from doctors d1_0
Hibernate: select count(*) from patients p1_0
Hibernate: select count(*) from appointments a1_0
Hibernate: select count(a1_0.id) from appointments a1_0 where a1_0.date_time between ? and ?
Hibernate: select u1_0.id,u1_0.email,u1_0.full_name,u1_0.password,u1_0.role from users u1_0 where u1_0.email=?
Hibernate: select count(*) from doctors d1_0
Hibernate: select count(*) from patients p1_0
Hibernate: select count(*) from appointments a1_0
Hibernate: select count(a1_0.id) from appointments a1_0 where a1_0.date_time between ? and ?
Hibernate: select u1_0.id,u1_0.email,u1_0.full_name,u1_0.password,u1_0.role from users u1_0 where u1_0.email=?
Hibernate: select count(*) from doctors d1_0
Hibernate: select count(*) from patients p1_0
Hibernate: select count(*) from appointments a1_0
Hibernate: select count(a1_0.id) from appointments a1_0 where a1_0.date_time between ? and ?
Hibernate: select u1_0.id,u1_0.email,u1_0.full_name,u1_0.password,u1_0.role from users u1_0 where u1_0.email=?
Hibernate: select count(*) from doctors d1_0
Hibernate: select count(*) from patients p1_0
Hibernate: select count(*) from appointments a1_0
Hibernate: select count(a1_0.id) from appointments a1_0 where a1_0.date_time between ? and ?
Hibernate: select u1_0.id,u1_0.email,u1_0.full_name,u1_0.password,u1_0.role from users u1_0 where u1_0.email=?
Hibernate: select count(*) from doctors d1_0
Hibernate: select count(*) from patients p1_0
Hibernate: select count(*) from appointments a1_0
Hibernate: select count(a1_0.id) from appointments a1_0 where a1_0.date_time between ? and ?
Hibernate: select u1_0.id,u1_0.email,u1_0.full_name,u1_0.password,u1_0.role from users u1_0 where u1_0.email=?
Hibernate: select count(*) from doctors d1_0
Hibernate: select count(*) from patients p1_0
Hibernate: select count(*) from appointments a1_0
Hibernate: select count(a1_0.id) from appointments a1_0 where a1_0.date_time between ? and ?
Hibernate: select u1_0.id,u1_0.email,u1_0.full_name,u1_0.password,u1_0.role from users u1_0 where u1_0.email=?
Hibernate: select count(*) from doctors d1_0
Hibernate: select count(*) from patients p1_0
Hibernate: select count(*) from appointments a1_0
Hibernate: select count(a1_0.id) from appointments a1_0 where a1_0.date_time between ? and ?
Hibernate: select u1_0.id,u1_0.email,u1_0.full_name,u1_0.password,u1_0.role from users u1_0 where u1_0.email=?
Hibernate: select count(*) from doctors d1_0
Hibernate: select count(*) from patients p1_0
Hibernate: select count(*) from appointments a1_0
Hibernate: select count(a1_0.id) from appointments a1_0 where a1_0.date_time between ? and ?
Hibernate: select u1_0.id,u1_0.email,u1_0.full_name,u1_0.password,u1_0.role from users u1_0 where u1_0.email=?
Hibernate: select count(*) from doctors d1_0
Hibernate: select count(*) from patients p1_0
Hibernate: select count(*) from appointments a1_0
Hibernate: select count(a1_0.id) from appointments a1_0 where a1_0.date_time between ? and ?
Hibernate: select u1_0.id,u1_0.email,u1_0.full_name,u1_0.password,u1_0.role from users u1_0 where u1_0.email=?
Hibernate: select count(*) from doctors d1_0
Hibernate: select count(*) from patients p1_0
Hibernate: select count(*) from appointments a1_0
Hibernate: select count(a1_0.id) from appointments a1_0 where a1_0.date_time between ? and ?
Hibernate: select u1_0.id,u1_0.email,u1_0.full_name,u1_0.password,u1_0.role from users u1_0 where u1_0.email=?
Hibernate: select count(*) from doctors d1_0
Hibernate: select count(*) from patients p1_0
Hibernate: select count(*) from appointments a1_0
Hibernate: select count(a1_0.id) from appointments a1_0 where a1_0.date_time between ? and ?
Hibernate: select u1_0.id,u1_0.email,u1_0.full_name,u1_0.password,u1_0.role from users u1_0 where u1_0.email=?
Hibernate: select count(*) from doctors d1_0
Hibernate: select count(*) from patients p1_0
Hibernate: select count(*) from appointments a1_0
Hibernate: select count(a1_0.id) from appointments a1_0 where a1_0.date_time between ? and ?
Hibernate: select u1_0.id,u1_0.email,u1_0.full_name,u1_0.password,u1_0.role from users u1_0 where u1_0.email=?
Hibernate: select count(*) from doctors d1_0
Hibernate: select count(*) from patients p1_0
Hibernate: select count(*) from appointments a1_0
Hibernate: select count(a1_0.id) from appointments a1_0 where a1_0.date_time between ? and ?
Hibernate: select u1_0.id,u1_0.email,u1_0.full_name,u1_0.password,u1_0.role from users u1_0 where u1_0.email=?
Hibernate: select count(*) from doctors d1_0
Hibernate: select count(*) from patients p1_0
Hibernate: select count(*) from appointments a1_0
Hibernate: select count(a1_0.id) from appointments a1_0 where a1_0.date_time between ? and ?
Hibernate: select u1_0.id,u1_0.email,u1_0.full_name,u1_0.password,u1_0.role from users u1_0 where u1_0.email=?
Hibernate: select count(*) from doctors d1_0
Hibernate: select count(*) from patients p1_0
Hibernate: select count(*) from appointments a1_0
Hibernate: select count(a1_0.id) from appointments a1_0 where a1_0.date_time between ? and ?
Hibernate: select u1_0.id,u1_0.email,u1_0.full_name,u1_0.password,u1_0.role from users u1_0 where u1_0.email=?
Hibernate: select count(*) from doctors d1_0
Hibernate: select count(*) from patients p1_0
Hibernate: select count(*) from appointments a1_0
Hibernate: select count(a1_0.id) from appointments a1_0 where a1_0.date_time between ? and ?
Hibernate: select u1_0.id,u1_0.email,u1_0.full_name,u1_0.password,u1_0.role from users u1_0 where u1_0.email=?
Hibernate: select count(*) from doctors d1_0
Hibernate: select count(*) from patients p1_0
Hibernate: select count(*) from appointments a1_0
Hibernate: select count(a1_0.id) from appointments a1_0 where a1_0.date_time between ? and ?
Hibernate: select u1_0.id,u1_0.email,u1_0.full_name,u1_0.password,u1_0.role from users u1_0 where u1_0.email=?
Hibernate: select count(*) from doctors d1_0
Hibernate: select count(*) from patients p1_0
Hibernate: select count(*) from appointments a1_0
Hibernate: select count(a1_0.id) from appointments a1_0 where a1_0.date_time between ? and ?
Hibernate: select u1_0.id,u1_0.email,u1_0.full_name,u1_0.password,u1_0.role from users u1_0 where u1_0.email=?
Hibernate: select count(*) from doctors d1_0
Hibernate: select count(*) from patients p1_0
Hibernate: select count(*) from appointments a1_0
Hibernate: select count(a1_0.id) from appointments a1_0 where a1_0.date_time between ? and ?
Hibernate: select u1_0.id,u1_0.email,u1_0.full_name,u1_0.password,u1_0.role from users u1_0 where u1_0.email=?
Hibernate: select count(*) from doctors d1_0
Hibernate: select count(*) from patients p1_0
Hibernate: select count(*) from appointments a1_0
Hibernate: select count(a1_0.id) from appointments a1_0 where a1_0.date_time between ? and ?
Hibernate: select u1_0.id,u1_0.email,u1_0.full_name,u1_0.password,u1_0.role from users u1_0 where u1_0.email=?
Hibernate: select count(*) from doctors d1_0
Hibernate: select count(*) from patients p1_0
Hibernate: select count(*) from appointments a1_0
Hibernate: select count(a1_0.id) from appointments a1_0 where a1_0.date_time between ? and ?
Hibernate: select u1_0.id,u1_0.email,u1_0.full_name,u1_0.password,u1_0.role from users u1_0 where u1_0.email=?
Hibernate: select count(*) from doctors d1_0
Hibernate: select count(*) from patients p1_0
Hibernate: select count(*) from appointments a1_0
Hibernate: select count(a1_0.id) from appointments a1_0 where a1_0.date_time between ? and ?
Hibernate: select u1_0.id,u1_0.email,u1_0.full_name,u1_0.password,u1_0.role from users u1_0 where u1_0.email=?
Hibernate: select count(*) from doctors d1_0
Hibernate: select count(*) from patients p1_0
Hibernate: select count(*) from appointments a1_0
Hibernate: select count(a1_0.id) from appointments a1_0 where a1_0.date_time between ? and ?
Hibernate: select u1_0.id,u1_0.email,u1_0.full_name,u1_0.password,u1_0.role from users u1_0 where u1_0.email=?
Hibernate: select count(*) from doctors d1_0
Hibernate: select count(*) from patients p1_0
Hibernate: select count(*) from appointments a1_0
Hibernate: select count(a1_0.id) from appointments a1_0 where a1_0.date_time between ? and ?
Hibernate: select u1_0.id,u1_0.email,u1_0.full_name,u1_0.password,u1_0.role from users u1_0 where u1_0.email=?
Hibernate: select count(*) from doctors d1_0
Hibernate: select count(*) from patients p1_0
Hibernate: select count(*) from appointments a1_0
Hibernate: select count(a1_0.id) from appointments a1_0 where a1_0.date_time between ? and ?
Hibernate: select u1_0.id,u1_0.email,u1_0.full_name,u1_0.password,u1_0.role from users u1_0 where u1_0.email=?
Hibernate: select count(*) from doctors d1_0
Hibernate: select count(*) from patients p1_0
Hibernate: select count(*) from appointments a1_0
Hibernate: select count(a1_0.id) from appointments a1_0 where a1_0.date_time between ? and ?
Hibernate: select u1_0.id,u1_0.email,u1_0.full_name,u1_0.password,u1_0.role from users u1_0 where u1_0.email=?
Hibernate: select count(*) from doctors d1_0
Hibernate: select count(*) from patients p1_0
Hibernate: select count(*) from appointments a1_0
Hibernate: select count(a1_0.id) from appointments a1_0 where a1_0.date_time between ? and ?
Hibernate: select u1_0.id,u1_0.email,u1_0.full_name,u1_0.password,u1_0.role from users u1_0 where u1_0.email=?
Hibernate: select count(*) from doctors d1_0
Hibernate: select count(*) from patients p1_0
Hibernate: select count(*) from appointments a1_0
Hibernate: select count(a1_0.id) from appointments a1_0 where a1_0.date_time between ? and ?
Hibernate: select u1_0.id,u1_0.email,u1_0.full_name,u1_0.password,u1_0.role from users u1_0 where u1_0.email=?
Hibernate: select count(*) from doctors d1_0
Hibernate: select count(*) from patients p1_0
Hibernate: select count(*) from appointments a1_0
Hibernate: select count(a1_0.id) from appointments a1_0 where a1_0.date_time between ? and ?
Hibernate: select u1_0.id,u1_0.email,u1_0.full_name,u1_0.password,u1_0.role from users u1_0 where u1_0.email=?
Hibernate: select count(*) from doctors d1_0
Hibernate: select count(*) from patients p1_0
Hibernate: select count(*) from appointments a1_0
Hibernate: select count(a1_0.id) from appointments a1_0 where a1_0.date_time between ? and ?
Hibernate: select u1_0.id,u1_0.email,u1_0.full_name,u1_0.password,u1_0.role from users u1_0 where u1_0.email=?
Hibernate: select count(*) from doctors d1_0
Hibernate: select count(*) from patients p1_0
Hibernate: select count(*) from appointments a1_0
Hibernate: select count(a1_0.id) from appointments a1_0 where a1_0.date_time between ? and ?
Hibernate: select u1_0.id,u1_0.email,u1_0.full_name,u1_0.password,u1_0.role from users u1_0 where u1_0.email=?
Hibernate: select count(*) from doctors d1_0
Hibernate: select count(*) from patients p1_0
Hibernate: select count(*) from appointments a1_0
Hibernate: select count(a1_0.id) from appointments a1_0 where a1_0.date_time between ? and ?
Hibernate: select u1_0.id,u1_0.email,u1_0.full_name,u1_0.password,u1_0.role from users u1_0 where u1_0.email=?
Hibernate: select count(*) from doctors d1_0
Hibernate: select count(*) from patients p1_0
Hibernate: select count(*) from appointments a1_0
Hibernate: select count(a1_0.id) from appointments a1_0 where a1_0.date_time between ? and ?
Hibernate: select u1_0.id,u1_0.email,u1_0.full_name,u1_0.password,u1_0.role from users u1_0 where u1_0.email=?
Hibernate: select count(*) from doctors d1_0
Hibernate: select count(*) from patients p1_0
Hibernate: select count(*) from appointments a1_0
Hibernate: select count(a1_0.id) from appointments a1_0 where a1_0.date_time between ? and ?
Hibernate: select u1_0.id,u1_0.email,u1_0.full_name,u1_0.password,u1_0.role from users u1_0 where u1_0.email=?
Hibernate: select count(*) from doctors d1_0
Hibernate: select count(*) from patients p1_0
Hibernate: select count(*) from appointments a1_0
Hibernate: select count(a1_0.id) from appointments a1_0 where a1_0.date_time between ? and ?
Hibernate: select u1_0.id,u1_0.email,u1_0.full_name,u1_0.password,u1_0.role from users u1_0 where u1_0.email=?
Hibernate: select count(*) from doctors d1_0
Hibernate: select count(*) from patients p1_0
Hibernate: select count(*) from appointments a1_0
Hibernate: select count(a1_0.id) from appointments a1_0 where a1_0.date_time between ? and ?
Hibernate: select u1_0.id,u1_0.email,u1_0.full_name,u1_0.password,u1_0.role from users u1_0 where u1_0.email=?
Hibernate: select count(*) from doctors d1_0
Hibernate: select count(*) from patients p1_0
Hibernate: select count(*) from appointments a1_0
Hibernate: select count(a1_0.id) from appointments a1_0 where a1_0.date_time between ? and ?
Hibernate: select u1_0.id,u1_0.email,u1_0.full_name,u1_0.password,u1_0.role from users u1_0 where u1_0.email=?
Hibernate: select count(*) from doctors d1_0
Hibernate: select count(*) from patients p1_0
Hibernate: select count(*) from appointments a1_0
Hibernate: select count(a1_0.id) from appointments a1_0 where a1_0.date_time between ? and ?
Hibernate: select u1_0.id,u1_0.email,u1_0.full_name,u1_0.password,u1_0.role from users u1_0 where u1_0.email=?
Hibernate: select count(*) from doctors d1_0
Hibernate: select count(*) from patients p1_0
Hibernate: select count(*) from appointments a1_0
Hibernate: select count(a1_0.id) from appointments a1_0 where a1_0.date_time between ? and ?
Hibernate: select u1_0.id,u1_0.email,u1_0.full_name,u1_0.password,u1_0.role from users u1_0 where u1_0.email=?
Hibernate: select count(*) from doctors d1_0
Hibernate: select count(*) from patients p1_0
Hibernate: select count(*) from appointments a1_0
Hibernate: select count(a1_0.id) from appointments a1_0 where a1_0.date_time between ? and ?
Hibernate: select u1_0.id,u1_0.email,u1_0.full_name,u1_0.password,u1_0.role from users u1_0 where u1_0.email=?
Hibernate: select count(*) from doctors d1_0
Hibernate: select count(*) from patients p1_0
Hibernate: select count(*) from appointments a1_0
Hibernate: select count(a1_0.id) from appointments a1_0 where a1_0.date_time between ? and ?
Hibernate: select u1_0.id,u1_0.email,u1_0.full_name,u1_0.password,u1_0.role from users u1_0 where u1_0.email=?
Hibernate: select count(*) from doctors d1_0
Hibernate: select count(*) from patients p1_0
Hibernate: select count(*) from appointments a1_0
Hibernate: select count(a1_0.id) from appointments a1_0 where a1_0.date_time between ? and ?
Hibernate: select u1_0.id,u1_0.email,u1_0.full_name,u1_0.password,u1_0.role from users u1_0 where u1_0.email=?
Hibernate: select count(*) from doctors d1_0
Hibernate: select count(*) from patients p1_0
Hibernate: select count(*) from appointments a1_0
Hibernate: select count(a1_0.id) from appointments a1_0 where a1_0.date_time between ? and ?
Hibernate: select u1_0.id,u1_0.email,u1_0.full_name,u1_0.password,u1_0.role from users u1_0 where u1_0.email=?
Hibernate: select count(*) from doctors d1_0
Hibernate: select count(*) from patients p1_0
Hibernate: select count(*) from appointments a1_0
Hibernate: select count(a1_0.id) from appointments a1_0 where a1_0.date_time between ? and ?
Hibernate: select u1_0.id,u1_0.email,u1_0.full_name,u1_0.password,u1_0.role from users u1_0 where u1_0.email=?
Hibernate: select count(*) from doctors d1_0
Hibernate: select count(*) from patients p1_0
Hibernate: select count(*) from appointments a1_0
Hibernate: select count(a1_0.id) from appointments a1_0 where a1_0.date_time between ? and ?
Hibernate: select u1_0.id,u1_0.email,u1_0.full_name,u1_0.password,u1_0.role from users u1_0 where u1_0.email=?
Hibernate: select count(*) from doctors d1_0
Hibernate: select count(*) from patients p1_0
Hibernate: select count(*) from appointments a1_0
Hibernate: select count(a1_0.id) from appointments a1_0 where a1_0.date_time between ? and ?
Hibernate: select u1_0.id,u1_0.email,u1_0.full_name,u1_0.password,u1_0.role from users u1_0 where u1_0.email=?
Hibernate: select count(*) from doctors d1_0
Hibernate: select count(*) from patients p1_0
Hibernate: select count(*) from appointments a1_0
Hibernate: select count(a1_0.id) from appointments a1_0 where a1_0.date_time between ? and ?
Hibernate: select u1_0.id,u1_0.email,u1_0.full_name,u1_0.password,u1_0.role from users u1_0 where u1_0.email=?
Hibernate: select count(*) from doctors d1_0
Hibernate: select count(*) from patients p1_0
Hibernate: select count(*) from appointments a1_0
Hibernate: select count(a1_0.id) from appointments a1_0 where a1_0.date_time between ? and ?
Hibernate: select u1_0.id,u1_0.email,u1_0.full_name,u1_0.password,u1_0.role from users u1_0 where u1_0.email=?
Hibernate: select count(*) from doctors d1_0
Hibernate: select count(*) from patients p1_0
Hibernate: select count(*) from appointments a1_0
Hibernate: select count(a1_0.id) from appointments a1_0 where a1_0.date_time between ? and ?
Hibernate: select u1_0.id,u1_0.email,u1_0.full_name,u1_0.password,u1_0.role from users u1_0 where u1_0.email=?
Hibernate: select count(*) from doctors d1_0
Hibernate: select count(*) from patients p1_0
Hibernate: select count(*) from appointments a1_0
Hibernate: select count(a1_0.id) from appointments a1_0 where a1_0.date_time between ? and ?
Hibernate: select u1_0.id,u1_0.email,u1_0.full_name,u1_0.password,u1_0.role from users u1_0 where u1_0.email=?
Hibernate: select count(*) from doctors d1_0
Hibernate: select count(*) from patients p1_0
Hibernate: select count(*) from appointments a1_0
Hibernate: select count(a1_0.id) from appointments a1_0 where a1_0.date_time between ? and ?
Hibernate: select u1_0.id,u1_0.email,u1_0.full_name,u1_0.password,u1_0.role from users u1_0 where u1_0.email=?
Hibernate: select count(*) from doctors d1_0
Hibernate: select count(*) from patients p1_0
Hibernate: select count(*) from appointments a1_0
Hibernate: select count(a1_0.id) from appointments a1_0 where a1_0.date_time between ? and ?
Hibernate: select u1_0.id,u1_0.email,u1_0.full_name,u1_0.password,u1_0.role from users u1_0 where u1_0.email=?
Hibernate: select count(*) from doctors d1_0
Hibernate: select count(*) from patients p1_0
Hibernate: select count(*) from appointments a1_0
Hibernate: select count(a1_0.id) from appointments a1_0 where a1_0.date_time between ? and ?
Hibernate: select u1_0.id,u1_0.email,u1_0.full_name,u1_0.password,u1_0.role from users u1_0 where u1_0.email=?
Hibernate: select count(*) from doctors d1_0
Hibernate: select count(*) from patients p1_0
Hibernate: select count(*) from appointments a1_0
Hibernate: select count(a1_0.id) from appointments a1_0 where a1_0.date_time between ? and ?
Hibernate: select u1_0.id,u1_0.email,u1_0.full_name,u1_0.password,u1_0.role from users u1_0 where u1_0.email=?
Hibernate: select count(*) from doctors d1_0
Hibernate: select count(*) from patients p1_0
Hibernate: select count(*) from appointments a1_0
Hibernate: select count(a1_0.id) from appointments a1_0 where a1_0.date_time between ? and ?
Hibernate: select u1_0.id,u1_0.email,u1_0.full_name,u1_0.password,u1_0.role from users u1_0 where u1_0.email=?
Hibernate: select count(*) from doctors d1_0
Hibernate: select count(*) from patients p1_0
Hibernate: select count(*) from appointments a1_0
Hibernate: select count(a1_0.id) from appointments a1_0 where a1_0.date_time between ? and ?
Hibernate: select u1_0.id,u1_0.email,u1_0.full_name,u1_0.password,u1_0.role from users u1_0 where u1_0.email=?
Hibernate: select count(*) from doctors d1_0
Hibernate: select count(*) from patients p1_0
Hibernate: select count(*) from appointments a1_0
Hibernate: select count(a1_0.id) from appointments a1_0 where a1_0.date_time between ? and ?
Hibernate: select u1_0.id,u1_0.email,u1_0.full_name,u1_0.password,u1_0.role from users u1_0 where u1_0.email=?
Hibernate: select count(*) from doctors d1_0
Hibernate: select count(*) from patients p1_0
Hibernate: select count(*) from appointments a1_0
Hibernate: select count(a1_0.id) from appointments a1_0 where a1_0.date_time between ? and ?
Hibernate: select u1_0.id,u1_0.email,u1_0.full_name,u1_0.password,u1_0.role from users u1_0 where u1_0.email=?
Hibernate: select count(*) from doctors d1_0
Hibernate: select count(*) from patients p1_0
Hibernate: select count(*) from appointments a1_0
Hibernate: select count(a1_0.id) from appointments a1_0 where a1_0.date_time between ? and ?
Hibernate: select u1_0.id,u1_0.email,u1_0.full_name,u1_0.password,u1_0.role from users u1_0 where u1_0.email=?
Hibernate: select count(*) from doctors d1_0
Hibernate: select count(*) from patients p1_0
Hibernate: select count(*) from appointments a1_0
Hibernate: select count(a1_0.id) from appointments a1_0 where a1_0.date_time between ? and ?
Hibernate: select u1_0.id,u1_0.email,u1_0.full_name,u1_0.password,u1_0.role from users u1_0 where u1_0.email=?
Hibernate: select count(*) from doctors d1_0
Hibernate: select count(*) from patients p1_0
Hibernate: select count(*) from appointments a1_0
Hibernate: select count(a1_0.id) from appointments a1_0 where a1_0.date_time between ? and ?
Hibernate: select u1_0.id,u1_0.email,u1_0.full_name,u1_0.password,u1_0.role from users u1_0 where u1_0.email=?
Hibernate: select count(*) from doctors d1_0
Hibernate: select count(*) from patients p1_0
Hibernate: select count(*) from appointments a1_0
Hibernate: select count(a1_0.id) from appointments a1_0 where a1_0.date_time between ? and ?
Hibernate: select u1_0.id,u1_0.email,u1_0.full_name,u1_0.password,u1_0.role from users u1_0 where u1_0.email=?
Hibernate: select count(*) from doctors d1_0
Hibernate: select count(*) from patients p1_0
Hibernate: select count(*) from appointments a1_0
Hibernate: select count(a1_0.id) from appointments a1_0 where a1_0.date_time between ? and ?
Hibernate: select u1_0.id,u1_0.email,u1_0.full_name,u1_0.password,u1_0.role from users u1_0 where u1_0.email=?
Hibernate: select count(*) from doctors d1_0
Hibernate: select count(*) from patients p1_0
Hibernate: select count(*) from appointments a1_0
Hibernate: select count(a1_0.id) from appointments a1_0 where a1_0.date_time between ? and ?
Hibernate: select u1_0.id,u1_0.email,u1_0.full_name,u1_0.password,u1_0.role from users u1_0 where u1_0.email=?
Hibernate: select count(*) from doctors d1_0
Hibernate: select count(*) from patients p1_0
Hibernate: select count(*) from appointments a1_0
Hibernate: select count(a1_0.id) from appointments a1_0 where a1_0.date_time between ? and ?
Hibernate: select u1_0.id,u1_0.email,u1_0.full_name,u1_0.password,u1_0.role from users u1_0 where u1_0.email=?
Hibernate: select count(*) from doctors d1_0
Hibernate: select count(*) from patients p1_0
Hibernate: select count(*) from appointments a1_0
Hibernate: select count(a1_0.id) from appointments a1_0 where a1_0.date_time between ? and ?
Hibernate: select u1_0.id,u1_0.email,u1_0.full_name,u1_0.password,u1_0.role from users u1_0 where u1_0.email=?
Hibernate: select count(*) from doctors d1_0
Hibernate: select count(*) from patients p1_0
Hibernate: select count(*) from appointments a1_0
Hibernate: select count(a1_0.id) from appointments a1_0 where a1_0.date_time between ? and ?
Hibernate: select u1_0.id,u1_0.email,u1_0.full_name,u1_0.password,u1_0.role from users u1_0 where u1_0.email=?
Hibernate: select count(*) from doctors d1_0
Hibernate: select count(*) from patients p1_0
Hibernate: select count(*) from appointments a1_0
Hibernate: select count(a1_0.id) from appointments a1_0 where a1_0.date_time between ? and ?
Hibernate: select u1_0.id,u1_0.email,u1_0.full_name,u1_0.password,u1_0.role from users u1_0 where u1_0.email=?
Hibernate: select count(*) from doctors d1_0
Hibernate: select count(*) from patients p1_0
Hibernate: select count(*) from appointments a1_0
Hibernate: select count(a1_0.id) from appointments a1_0 where a1_0.date_time between ? and ?
Hibernate: select u1_0.id,u1_0.email,u1_0.full_name,u1_0.password,u1_0.role from users u1_0 where u1_0.email=?
Hibernate: select count(*) from doctors d1_0
Hibernate: select count(*) from patients p1_0
Hibernate: select count(*) from appointments a1_0
Hibernate: select count(a1_0.id) from appointments a1_0 where a1_0.date_time between ? and ?
Hibernate: select u1_0.id,u1_0.email,u1_0.full_name,u1_0.password,u1_0.role from users u1_0 where u1_0.email=?
Hibernate: select count(*) from doctors d1_0
Hibernate: select count(*) from patients p1_0
Hibernate: select count(*) from appointments a1_0
Hibernate: select count(a1_0.id) from appointments a1_0 where a1_0.date_time between ? and ?
Hibernate: select u1_0.id,u1_0.email,u1_0.full_name,u1_0.password,u1_0.role from users u1_0 where u1_0.email=?
Hibernate: select count(*) from doctors d1_0
Hibernate: select count(*) from patients p1_0
Hibernate: select count(*) from appointments a1_0
Hibernate: select count(a1_0.id) from appointments a1_0 where a1_0.date_time between ? and ?
Hibernate: select u1_0.id,u1_0.email,u1_0.full_name,u1_0.password,u1_0.role from users u1_0 where u1_0.email=?
Hibernate: select count(*) from doctors d1_0
Hibernate: select count(*) from patients p1_0
Hibernate: select count(*) from appointments a1_0
Hibernate: select count(a1_0.id) from appointments a1_0 where a1_0.date_time between ? and ?
Hibernate: select u1_0.id,u1_0.email,u1_0.full_name,u1_0.password,u1_0.role from users u1_0 where u1_0.email=?
Hibernate: select count(*) from doctors d1_0
Hibernate: select count(*) from patients p1_0
Hibernate: select count(*) from appointments a1_0
Hibernate: select count(a1_0.id) from appointments a1_0 where a1_0.date_time between ? and ?
Hibernate: select u1_0.id,u1_0.email,u1_0.full_name,u1_0.password,u1_0.role from users u1_0 where u1_0.email=?
Hibernate: select count(*) from doctors d1_0
Hibernate: select count(*) from patients p1_0
Hibernate: select count(*) from appointments a1_0
Hibernate: select count(a1_0.id) from appointments a1_0 where a1_0.date_time between ? and ?
Hibernate: select u1_0.id,u1_0.email,u1_0.full_name,u1_0.password,u1_0.role from users u1_0 where u1_0.email=?
Hibernate: select count(*) from doctors d1_0
Hibernate: select count(*) from patients p1_0
Hibernate: select count(*) from appointments a1_0
Hibernate: select count(a1_0.id) from appointments a1_0 where a1_0.date_time between ? and ?
Hibernate: select u1_0.id,u1_0.email,u1_0.full_name,u1_0.password,u1_0.role from users u1_0 where u1_0.email=?
Hibernate: select count(*) from doctors d1_0
Hibernate: select count(*) from patients p1_0
Hibernate: select count(*) from appointments a1_0
Hibernate: select count(a1_0.id) from appointments a1_0 where a1_0.date_time between ? and ?
Hibernate: select u1_0.id,u1_0.email,u1_0.full_name,u1_0.password,u1_0.role from users u1_0 where u1_0.email=?
Hibernate: select count(*) from doctors d1_0
Hibernate: select count(*) from patients p1_0
Hibernate: select count(*) from appointments a1_0
Hibernate: select count(a1_0.id) from appointments a1_0 where a1_0.date_time between ? and ?
Hibernate: select u1_0.id,u1_0.email,u1_0.full_name,u1_0.password,u1_0.role from users u1_0 where u1_0.email=?
Hibernate: select count(*) from doctors d1_0
Hibernate: select count(*) from patients p1_0
Hibernate: select count(*) from appointments a1_0
Hibernate: select count(a1_0.id) from appointments a1_0 where a1_0.date_time between ? and ?
Hibernate: select u1_0.id,u1_0.email,u1_0.full_name,u1_0.password,u1_0.role from users u1_0 where u1_0.email=?
Hibernate: select count(*) from doctors d1_0
Hibernate: select count(*) from patients p1_0
Hibernate: select count(*) from appointments a1_0
Hibernate: select count(a1_0.id) from appointments a1_0 where a1_0.date_time between ? and ?
Hibernate: select u1_0.id,u1_0.email,u1_0.full_name,u1_0.password,u1_0.role from users u1_0 where u1_0.email=?
Hibernate: select count(*) from doctors d1_0
Hibernate: select count(*) from patients p1_0
Hibernate: select count(*) from appointments a1_0
Hibernate: select count(a1_0.id) from appointments a1_0 where a1_0.date_time between ? and ?
Hibernate: select u1_0.id,u1_0.email,u1_0.full_name,u1_0.password,u1_0.role from users u1_0 where u1_0.email=?
Hibernate: select count(*) from doctors d1_0
Hibernate: select count(*) from patients p1_0
Hibernate: select count(*) from appointments a1_0
Hibernate: select count(a1_0.id) from appointments a1_0 where a1_0.date_time between ? and ?
Hibernate: select u1_0.id,u1_0.email,u1_0.full_name,u1_0.password,u1_0.role from users u1_0 where u1_0.email=?
Hibernate: select count(*) from doctors d1_0
Hibernate: select count(*) from patients p1_0
Hibernate: select count(*) from appointments a1_0
Hibernate: select count(a1_0.id) from appointments a1_0 where a1_0.date_time between ? and ?
Hibernate: select u1_0.id,u1_0.email,u1_0.full_name,u1_0.password,u1_0.role from users u1_0 where u1_0.email=?
Hibernate: select count(*) from doctors d1_0
Hibernate: select count(*) from patients p1_0
Hibernate: select count(*) from appointments a1_0
Hibernate: select count(a1_0.id) from appointments a1_0 where a1_0.date_time between ? and ?
Hibernate: select u1_0.id,u1_0.email,u1_0.full_name,u1_0.password,u1_0.role from users u1_0 where u1_0.email=?
Hibernate: select count(*) from doctors d1_0
Hibernate: select count(*) from patients p1_0
Hibernate: select count(*) from appointments a1_0
Hibernate: select count(a1_0.id) from appointments a1_0 where a1_0.date_time between ? and ?
Hibernate: select u1_0.id,u1_0.email,u1_0.full_name,u1_0.password,u1_0.role from users u1_0 where u1_0.email=?
Hibernate: select count(*) from doctors d1_0
Hibernate: select count(*) from patients p1_0
Hibernate: select count(*) from appointments a1_0
Hibernate: select count(a1_0.id) from appointments a1_0 where a1_0.date_time between ? and ?
Hibernate: select u1_0.id,u1_0.email,u1_0.full_name,u1_0.password,u1_0.role from users u1_0 where u1_0.email=?
Hibernate: select count(*) from doctors d1_0
Hibernate: select count(*) from patients p1_0
Hibernate: select count(*) from appointments a1_0
Hibernate: select count(a1_0.id) from appointments a1_0 where a1_0.date_time between ? and ?
Hibernate: select u1_0.id,u1_0.email,u1_0.full_name,u1_0.password,u1_0.role from users u1_0 where u1_0.email=?
Hibernate: select count(*) from doctors d1_0
Hibernate: select count(*) from patients p1_0
Hibernate: select count(*) from appointments a1_0
Hibernate: select count(a1_0.id) from appointments a1_0 where a1_0.date_time between ? and ?
Hibernate: select u1_0.id,u1_0.email,u1_0.full_name,u1_0.password,u1_0.role from users u1_0 where u1_0.email=?
Hibernate: select count(*) from doctors d1_0
Hibernate: select count(*) from patients p1_0
Hibernate: select count(*) from appointments a1_0
Hibernate: select count(a1_0.id) from appointments a1_0 where a1_0.date_time between ? and ?
Hibernate: select u1_0.id,u1_0.email,u1_0.full_name,u1_0.password,u1_0.role from users u1_0 where u1_0.email=?
Hibernate: select count(*) from doctors d1_0
Hibernate: select count(*) from patients p1_0
Hibernate: select count(*) from appointments a1_0
Hibernate: select count(a1_0.id) from appointments a1_0 where a1_0.date_time between ? and ?
Hibernate: select u1_0.id,u1_0.email,u1_0.full_name,u1_0.password,u1_0.role from users u1_0 where u1_0.email=?
Hibernate: select count(*) from doctors d1_0
Hibernate: select count(*) from patients p1_0
Hibernate: select count(*) from appointments a1_0
Hibernate: select count(a1_0.id) from appointments a1_0 where a1_0.date_time between ? and ?
Hibernate: select u1_0.id,u1_0.email,u1_0.full_name,u1_0.password,u1_0.role from users u1_0 where u1_0.email=?
Hibernate: select count(*) from doctors d1_0
Hibernate: select count(*) from patients p1_0
Hibernate: select count(*) from appointments a1_0
Hibernate: select count(a1_0.id) from appointments a1_0 where a1_0.date_time between ? and ?
Hibernate: select u1_0.id,u1_0.email,u1_0.full_name,u1_0.password,u1_0.role from users u1_0 where u1_0.email=?
Hibernate: select count(*) from doctors d1_0
Hibernate: select count(*) from patients p1_0
Hibernate: select count(*) from appointments a1_0
Hibernate: select count(a1_0.id) from appointments a1_0 where a1_0.date_time between ? and ?
Hibernate: select u1_0.id,u1_0.email,u1_0.full_name,u1_0.password,u1_0.role from users u1_0 where u1_0.email=?
Hibernate: select count(*) from doctors d1_0
Hibernate: select count(*) from patients p1_0
Hibernate: select count(*) from appointments a1_0
Hibernate: select count(a1_0.id) from appointments a1_0 where a1_0.date_time between ? and ?
Hibernate: select u1_0.id,u1_0.email,u1_0.full_name,u1_0.password,u1_0.role from users u1_0 where u1_0.email=?
Hibernate: select count(*) from doctors d1_0
Hibernate: select count(*) from patients p1_0
Hibernate: select count(*) from appointments a1_0
Hibernate: select count(a1_0.id) from appointments a1_0 where a1_0.date_time between ? and ?
Hibernate: select u1_0.id,u1_0.email,u1_0.full_name,u1_0.password,u1_0.role from users u1_0 where u1_0.email=?
Hibernate: select count(*) from doctors d1_0
Hibernate: select count(*) from patients p1_0
Hibernate: select count(*) from appointments a1_0
Hibernate: select count(a1_0.id) from appointments a1_0 where a1_0.date_time between ? and ?
Hibernate: select u1_0.id,u1_0.email,u1_0.full_name,u1_0.password,u1_0.role from users u1_0 where u1_0.email=?
Hibernate: select count(*) from doctors d1_0
Hibernate: select count(*) from patients p1_0
Hibernate: select count(*) from appointments a1_0
Hibernate: select count(a1_0.id) from appointments a1_0 where a1_0.date_time between ? and ?
Hibernate: select u1_0.id,u1_0.email,u1_0.full_name,u1_0.password,u1_0.role from users u1_0 where u1_0.email=?
Hibernate: select count(*) from doctors d1_0
Hibernate: select count(*) from patients p1_0
Hibernate: select count(*) from appointments a1_0
Hibernate: select count(a1_0.id) from appointments a1_0 where a1_0.date_time between ? and ?
Hibernate: select u1_0.id,u1_0.email,u1_0.full_name,u1_0.password,u1_0.role from users u1_0 where u1_0.email=?
Hibernate: select count(*) from doctors d1_0
Hibernate: select count(*) from patients p1_0
Hibernate: select count(*) from appointments a1_0
Hibernate: select count(a1_0.id) from appointments a1_0 where a1_0.date_time between ? and ?
Hibernate: select u1_0.id,u1_0.email,u1_0.full_name,u1_0.password,u1_0.role from users u1_0 where u1_0.email=?
Hibernate: select count(*) from doctors d1_0
Hibernate: select count(*) from patients p1_0
Hibernate: select count(*) from appointments a1_0
Hibernate: select count(a1_0.id) from appointments a1_0 where a1_0.date_time between ? and ?
Hibernate: select u1_0.id,u1_0.email,u1_0.full_name,u1_0.password,u1_0.role from users u1_0 where u1_0.email=?
Hibernate: select count(*) from doctors d1_0
Hibernate: select count(*) from patients p1_0
Hibernate: select count(*) from appointments a1_0
Hibernate: select count(a1_0.id) from appointments a1_0 where a1_0.date_time between ? and ?
Hibernate: select u1_0.id,u1_0.email,u1_0.full_name,u1_0.password,u1_0.role from users u1_0 where u1_0.email=?
Hibernate: select count(*) from doctors d1_0
Hibernate: select count(*) from patients p1_0
Hibernate: select count(*) from appointments a1_0
Hibernate: select count(a1_0.id) from appointments a1_0 where a1_0.date_time between ? and ?
Hibernate: select u1_0.id,u1_0.email,u1_0.full_name,u1_0.password,u1_0.role from users u1_0 where u1_0.email=?
Hibernate: select count(*) from doctors d1_0
Hibernate: select count(*) from patients p1_0
Hibernate: select count(*) from appointments a1_0
Hibernate: select count(a1_0.id) from appointments a1_0 where a1_0.date_time between ? and ?
Hibernate: select u1_0.id,u1_0.email,u1_0.full_name,u1_0.password,u1_0.role from users u1_0 where u1_0.email=?
Hibernate: select count(*) from doctors d1_0
Hibernate: select count(*) from patients p1_0
Hibernate: select count(*) from appointments a1_0
Hibernate: select count(a1_0.id) from appointments a1_0 where a1_0.date_time between ? and ?
Hibernate: select u1_0.id,u1_0.email,u1_0.full_name,u1_0.password,u1_0.role from users u1_0 where u1_0.email=?
Hibernate: select count(*) from doctors d1_0
Hibernate: select count(*) from patients p1_0
Hibernate: select count(*) from appointments a1_0
Hibernate: select count(a1_0.id) from appointments a1_0 where a1_0.date_time between ? and ?
Hibernate: select u1_0.id,u1_0.email,u1_0.full_name,u1_0.password,u1_0.role from users u1_0 where u1_0.email=?
Hibernate: select count(*) from doctors d1_0
Hibernate: select count(*) from patients p1_0
Hibernate: select count(*) from appointments a1_0
Hibernate: select count(a1_0.id) from appointments a1_0 where a1_0.date_time between ? and ?
Hibernate: select u1_0.id,u1_0.email,u1_0.full_name,u1_0.password,u1_0.role from users u1_0 where u1_0.email=?
Hibernate: select count(*) from doctors d1_0
Hibernate: select count(*) from patients p1_0
Hibernate: select count(*) from appointments a1_0
Hibernate: select count(a1_0.id) from appointments a1_0 where a1_0.date_time between ? and ?
Hibernate: select u1_0.id,u1_0.email,u1_0.full_name,u1_0.password,u1_0.role from users u1_0 where u1_0.email=?
Hibernate: select count(*) from doctors d1_0
Hibernate: select count(*) from patients p1_0
Hibernate: select count(*) from appointments a1_0
Hibernate: select count(a1_0.id) from appointments a1_0 where a1_0.date_time between ? and ?
Hibernate: select u1_0.id,u1_0.email,u1_0.full_name,u1_0.password,u1_0.role from users u1_0 where u1_0.email=?
Hibernate: select count(*) from doctors d1_0
Hibernate: select count(*) from patients p1_0
Hibernate: select count(*) from appointments a1_0
Hibernate: select count(a1_0.id) from appointments a1_0 where a1_0.date_time between ? and ?
Hibernate: select u1_0.id,u1_0.email,u1_0.full_name,u1_0.password,u1_0.role from users u1_0 where u1_0.email=?
Hibernate: select u1_0.id,u1_0.email,u1_0.full_name,u1_0.password,u1_0.role from users u1_0 where u1_0.email=?
Hibernate: select u1_0.id,u1_0.email,u1_0.full_name,u1_0.password,u1_0.role from users u1_0 where u1_0.email=?
Hibernate: select u1_0.id,u1_0.email,u1_0.full_name,u1_0.password,u1_0.role from users u1_0 where u1_0.email=?
Hibernate: select count(*) from doctors d1_0
Hibernate: select count(*) from patients p1_0
Hibernate: select count(*) from appointments a1_0
Hibernate: select count(a1_0.id) from appointments a1_0 where a1_0.date_time between ? and ?
Hibernate: select u1_0.id,u1_0.email,u1_0.full_name,u1_0.password,u1_0.role from users u1_0 where u1_0.email=?
Hibernate: select count(*) from doctors d1_0
Hibernate: select count(*) from patients p1_0
Hibernate: select count(*) from appointments a1_0
Hibernate: select count(a1_0.id) from appointments a1_0 where a1_0.date_time between ? and ?
Hibernate: select u1_0.id,u1_0.email,u1_0.full_name,u1_0.password,u1_0.role from users u1_0 where u1_0.email=?
Hibernate: select count(*) from doctors d1_0
Hibernate: select count(*) from patients p1_0
Hibernate: select count(*) from appointments a1_0
Hibernate: select count(a1_0.id) from appointments a1_0 where a1_0.date_time between ? and ?
Hibernate: select u1_0.id,u1_0.email,u1_0.full_name,u1_0.password,u1_0.role from users u1_0 where u1_0.email=?
Hibernate: select count(*) from doctors d1_0
Hibernate: select count(*) from patients p1_0
Hibernate: select count(*) from appointments a1_0
Hibernate: select count(a1_0.id) from appointments a1_0 where a1_0.date_time between ? and ?
Hibernate: select u1_0.id,u1_0.email,u1_0.full_name,u1_0.password,u1_0.role from users u1_0 where u1_0.email=?
Hibernate: select count(*) from doctors d1_0
Hibernate: select count(*) from patients p1_0
Hibernate: select count(*) from appointments a1_0
Hibernate: select count(a1_0.id) from appointments a1_0 where a1_0.date_time between ? and ?
Hibernate: select u1_0.id,u1_0.email,u1_0.full_name,u1_0.password,u1_0.role from users u1_0 where u1_0.email=?
Hibernate: select count(*) from doctors d1_0
Hibernate: select count(*) from patients p1_0
Hibernate: select count(*) from appointments a1_0
Hibernate: select count(a1_0.id) from appointments a1_0 where a1_0.date_time between ? and ?
Hibernate: select u1_0.id,u1_0.email,u1_0.full_name,u1_0.password,u1_0.role from users u1_0 where u1_0.email=?
Hibernate: select count(*) from doctors d1_0
Hibernate: select count(*) from patients p1_0
Hibernate: select count(*) from appointments a1_0
Hibernate: select count(a1_0.id) from appointments a1_0 where a1_0.date_time between ? and ?
Hibernate: select u1_0.id,u1_0.email,u1_0.full_name,u1_0.password,u1_0.role from users u1_0 where u1_0.email=?
Hibernate: select count(*) from doctors d1_0
Hibernate: select count(*) from patients p1_0
Hibernate: select count(*) from appointments a1_0
Hibernate: select count(a1_0.id) from appointments a1_0 where a1_0.date_time between ? and ?
Hibernate: select u1_0.id,u1_0.email,u1_0.full_name,u1_0.password,u1_0.role from users u1_0 where u1_0.email=?
Hibernate: select p1_0.id,p1_0.contact_number,p1_0.dob,p1_0.gender,p1_0.user_id from patients p1_0
Hibernate: select u1_0.id,u1_0.email,u1_0.full_name,u1_0.password,u1_0.role from users u1_0 where u1_0.id=?
Hibernate: select u1_0.id,u1_0.email,u1_0.full_name,u1_0.password,u1_0.role from users u1_0 where u1_0.id=?
Hibernate: select u1_0.id,u1_0.email,u1_0.full_name,u1_0.password,u1_0.role from users u1_0 where u1_0.id=?
Hibernate: select u1_0.id,u1_0.email,u1_0.full_name,u1_0.password,u1_0.role from users u1_0 where u1_0.id=?
Hibernate: select u1_0.id,u1_0.email,u1_0.full_name,u1_0.password,u1_0.role from users u1_0 where u1_0.email=?
Hibernate: select p1_0.id,p1_0.contact_number,p1_0.dob,p1_0.gender,p1_0.user_id from patients p1_0
Hibernate: select u1_0.id,u1_0.email,u1_0.full_name,u1_0.password,u1_0.role from users u1_0 where u1_0.id=?
Hibernate: select u1_0.id,u1_0.email,u1_0.full_name,u1_0.password,u1_0.role from users u1_0 where u1_0.id=?
Hibernate: select u1_0.id,u1_0.email,u1_0.full_name,u1_0.password,u1_0.role from users u1_0 where u1_0.id=?
Hibernate: select u1_0.id,u1_0.email,u1_0.full_name,u1_0.password,u1_0.role from users u1_0 where u1_0.id=?
Hibernate: select u1_0.id,u1_0.email,u1_0.full_name,u1_0.password,u1_0.role from users u1_0 where u1_0.email=?
Hibernate: select count(*) from doctors d1_0
Hibernate: select count(*) from patients p1_0
Hibernate: select count(*) from appointments a1_0
Hibernate: select count(a1_0.id) from appointments a1_0 where a1_0.date_time between ? and ?
Hibernate: select u1_0.id,u1_0.email,u1_0.full_name,u1_0.password,u1_0.role from users u1_0 where u1_0.email=?
Hibernate: select count(*) from doctors d1_0
Hibernate: select count(*) from patients p1_0
Hibernate: select count(*) from appointments a1_0
Hibernate: select count(a1_0.id) from appointments a1_0 where a1_0.date_time between ? and ?
Hibernate: select u1_0.id,u1_0.email,u1_0.full_name,u1_0.password,u1_0.role from users u1_0 where u1_0.email=?
Hibernate: select d1_0.id,d1_0.experience_years,d1_0.specialization,d1_0.status,d1_0.user_id from doctors d1_0
Hibernate: select u1_0.id,u1_0.email,u1_0.full_name,u1_0.password,u1_0.role from users u1_0 where u1_0.id=?
Hibernate: select u1_0.id,u1_0.email,u1_0.full_name,u1_0.password,u1_0.role from users u1_0 where u1_0.id=?
Hibernate: select u1_0.id,u1_0.email,u1_0.full_name,u1_0.password,u1_0.role from users u1_0 where u1_0.id=?
Hibernate: select u1_0.id,u1_0.email,u1_0.full_name,u1_0.password,u1_0.role from users u1_0 where u1_0.id=?
Hibernate: select u1_0.id,u1_0.email,u1_0.full_name,u1_0.password,u1_0.role from users u1_0 where u1_0.email=?
Hibernate: select d1_0.id,d1_0.experience_years,d1_0.specialization,d1_0.status,d1_0.user_id from doctors d1_0
Hibernate: select u1_0.id,u1_0.email,u1_0.full_name,u1_0.password,u1_0.role from users u1_0 where u1_0.id=?
Hibernate: select u1_0.id,u1_0.email,u1_0.full_name,u1_0.password,u1_0.role from users u1_0 where u1_0.id=?
Hibernate: select u1_0.id,u1_0.email,u1_0.full_name,u1_0.password,u1_0.role from users u1_0 where u1_0.id=?
Hibernate: select u1_0.id,u1_0.email,u1_0.full_name,u1_0.password,u1_0.role from users u1_0 where u1_0.id=?
Hibernate: select u1_0.id,u1_0.email,u1_0.full_name,u1_0.password,u1_0.role from users u1_0 where u1_0.email=?
Hibernate: select d1_0.id,d1_0.experience_years,d1_0.specialization,d1_0.status,u1_0.id,u1_0.email,u1_0.full_name,u1_0.password,u1_0.role from doctors d1_0 left join users u1_0 on u1_0.id=d1_0.user_id where d1_0.id=?
Hibernate: delete from doctors where id=?
2026-01-25T23:28:20.442+05:45  WARN 73111 --- [nepheal-backend] [nio-8080-exec-5] org.hibernate.orm.jdbc.error             : HHH000247: ErrorCode: 0, SQLState: 23503
2026-01-25T23:28:20.442+05:45  WARN 73111 --- [nepheal-backend] [nio-8080-exec-5] org.hibernate.orm.jdbc.error             : ERROR: update or delete on table "doctors" violates foreign key constraint "fkmujeo4tymoo98cmf7uj3vsv76" on table "appointments"
  Detail: Key (id)=(3) is still referenced from table "appointments".
2026-01-25T23:28:20.449+05:45 ERROR 73111 --- [nepheal-backend] [nio-8080-exec-5] o.a.c.c.C.[.[.[/].[dispatcherServlet]    : Servlet.service() for servlet [dispatcherServlet] in context with path [] threw exception [Request processing failed: org.springframework.dao.DataIntegrityViolationException: could not execute statement [ERROR: update or delete on table "doctors" violates foreign key constraint "fkmujeo4tymoo98cmf7uj3vsv76" on table "appointments"
  Detail: Key (id)=(3) is still referenced from table "appointments".] [delete from doctors where id=?]; SQL [delete from doctors where id=?]; constraint [fkmujeo4tymoo98cmf7uj3vsv76]] with root cause

org.postgresql.util.PSQLException: ERROR: update or delete on table "doctors" violates foreign key constraint "fkmujeo4tymoo98cmf7uj3vsv76" on table "appointments"
  Detail: Key (id)=(3) is still referenced from table "appointments".
	at org.postgresql.core.v3.QueryExecutorImpl.receiveErrorResponse(QueryExecutorImpl.java:2846) ~[postgresql-42.7.9.jar:42.7.9]
	at org.postgresql.core.v3.QueryExecutorImpl.processResults(QueryExecutorImpl.java:2531) ~[postgresql-42.7.9.jar:42.7.9]
	at org.postgresql.core.v3.QueryExecutorImpl.execute(QueryExecutorImpl.java:429) ~[postgresql-42.7.9.jar:42.7.9]
	at org.postgresql.jdbc.PgStatement.executeInternal(PgStatement.java:526) ~[postgresql-42.7.9.jar:42.7.9]
	at org.postgresql.jdbc.PgStatement.execute(PgStatement.java:436) ~[postgresql-42.7.9.jar:42.7.9]
	at org.postgresql.jdbc.PgPreparedStatement.executeWithFlags(PgPreparedStatement.java:196) ~[postgresql-42.7.9.jar:42.7.9]
	at org.postgresql.jdbc.PgPreparedStatement.executeUpdate(PgPreparedStatement.java:157) ~[postgresql-42.7.9.jar:42.7.9]
	at com.zaxxer.hikari.pool.ProxyPreparedStatement.executeUpdate(ProxyPreparedStatement.java:61) ~[HikariCP-7.0.2.jar:na]
	at com.zaxxer.hikari.pool.HikariProxyPreparedStatement.executeUpdate(HikariProxyPreparedStatement.java) ~[HikariCP-7.0.2.jar:na]
	at org.hibernate.engine.jdbc.internal.ResultSetReturnImpl.executeUpdate(ResultSetReturnImpl.java:181) ~[hibernate-core-7.2.1.Final.jar:7.2.1.Final]
	at org.hibernate.engine.jdbc.mutation.internal.AbstractMutationExecutor.performNonBatchedMutation(AbstractMutationExecutor.java:145) ~[hibernate-core-7.2.1.Final.jar:7.2.1.Final]
	at org.hibernate.engine.jdbc.mutation.internal.MutationExecutorSingleNonBatched.performNonBatchedOperations(MutationExecutorSingleNonBatched.java:53) ~[hibernate-core-7.2.1.Final.jar:7.2.1.Final]
	at org.hibernate.engine.jdbc.mutation.internal.AbstractMutationExecutor.execute(AbstractMutationExecutor.java:66) ~[hibernate-core-7.2.1.Final.jar:7.2.1.Final]
	at org.hibernate.persister.entity.mutation.AbstractDeleteCoordinator.doStaticDelete(AbstractDeleteCoordinator.java:268) ~[hibernate-core-7.2.1.Final.jar:7.2.1.Final]
	at org.hibernate.persister.entity.mutation.AbstractDeleteCoordinator.delete(AbstractDeleteCoordinator.java:79) ~[hibernate-core-7.2.1.Final.jar:7.2.1.Final]
	at org.hibernate.action.internal.EntityDeleteAction.execute(EntityDeleteAction.java:119) ~[hibernate-core-7.2.1.Final.jar:7.2.1.Final]
	at org.hibernate.engine.spi.ActionQueue.executeActions(ActionQueue.java:634) ~[hibernate-core-7.2.1.Final.jar:7.2.1.Final]
	at org.hibernate.engine.spi.ActionQueue.executeActions(ActionQueue.java:505) ~[hibernate-core-7.2.1.Final.jar:7.2.1.Final]
	at org.hibernate.event.internal.AbstractFlushingEventListener.performExecutions(AbstractFlushingEventListener.java:381) ~[hibernate-core-7.2.1.Final.jar:7.2.1.Final]
	at org.hibernate.event.internal.DefaultFlushEventListener.onFlush(DefaultFlushEventListener.java:40) ~[hibernate-core-7.2.1.Final.jar:7.2.1.Final]
	at org.hibernate.event.service.internal.EventListenerGroupImpl.fireEventOnEachListener(EventListenerGroupImpl.java:138) ~[hibernate-core-7.2.1.Final.jar:7.2.1.Final]
	at org.hibernate.internal.SessionImpl.fireFlush(SessionImpl.java:1489) ~[hibernate-core-7.2.1.Final.jar:7.2.1.Final]
	at org.hibernate.internal.SessionImpl.managedFlush(SessionImpl.java:481) ~[hibernate-core-7.2.1.Final.jar:7.2.1.Final]
	at org.hibernate.internal.SessionImpl.flushBeforeTransactionCompletion(SessionImpl.java:2116) ~[hibernate-core-7.2.1.Final.jar:7.2.1.Final]
	at org.hibernate.internal.SessionImpl.beforeTransactionCompletion(SessionImpl.java:2038) ~[hibernate-core-7.2.1.Final.jar:7.2.1.Final]
	at org.hibernate.engine.jdbc.internal.JdbcCoordinatorImpl.beforeTransactionCompletion(JdbcCoordinatorImpl.java:410) ~[hibernate-core-7.2.1.Final.jar:7.2.1.Final]
	at org.hibernate.resource.transaction.backend.jdbc.internal.JdbcResourceLocalTransactionCoordinatorImpl.beforeCompletionCallback(JdbcResourceLocalTransactionCoordinatorImpl.java:166) ~[hibernate-core-7.2.1.Final.jar:7.2.1.Final]
	at org.hibernate.resource.transaction.backend.jdbc.internal.JdbcResourceLocalTransactionCoordinatorImpl$TransactionDriverControlImpl.commitNoRollbackOnly(JdbcResourceLocalTransactionCoordinatorImpl.java:248) ~[hibernate-core-7.2.1.Final.jar:7.2.1.Final]
	at org.hibernate.resource.transaction.backend.jdbc.internal.JdbcResourceLocalTransactionCoordinatorImpl$TransactionDriverControlImpl.commit(JdbcResourceLocalTransactionCoordinatorImpl.java:242) ~[hibernate-core-7.2.1.Final.jar:7.2.1.Final]
	at org.hibernate.engine.transaction.internal.TransactionImpl.commit(TransactionImpl.java:89) ~[hibernate-core-7.2.1.Final.jar:7.2.1.Final]
	at org.springframework.orm.jpa.JpaTransactionManager.doCommit(JpaTransactionManager.java:553) ~[spring-orm-7.0.3.jar:7.0.3]
	at org.springframework.transaction.support.AbstractPlatformTransactionManager.processCommit(AbstractPlatformTransactionManager.java:794) ~[spring-tx-7.0.3.jar:7.0.3]
	at org.springframework.transaction.support.AbstractPlatformTransactionManager.commit(AbstractPlatformTransactionManager.java:757) ~[spring-tx-7.0.3.jar:7.0.3]
	at org.springframework.transaction.interceptor.TransactionAspectSupport.commitTransactionAfterReturning(TransactionAspectSupport.java:687) ~[spring-tx-7.0.3.jar:7.0.3]
	at org.springframework.transaction.interceptor.TransactionAspectSupport.invokeWithinTransaction(TransactionAspectSupport.java:408) ~[spring-tx-7.0.3.jar:7.0.3]
	at org.springframework.transaction.interceptor.TransactionInterceptor.invoke(TransactionInterceptor.java:130) ~[spring-tx-7.0.3.jar:7.0.3]
	at org.springframework.aop.framework.ReflectiveMethodInvocation.proceed(ReflectiveMethodInvocation.java:179) ~[spring-aop-7.0.3.jar:7.0.3]
	at org.springframework.aop.framework.CglibAopProxy$DynamicAdvisedInterceptor.intercept(CglibAopProxy.java:719) ~[spring-aop-7.0.3.jar:7.0.3]
	at com.nepheal.service.AdminService$$SpringCGLIB$$0.deleteDoctor(<generated>) ~[classes/:na]
	at com.nepheal.controller.AdminController.deleteDoctor(AdminController.java:39) ~[classes/:na]
	at java.base/jdk.internal.reflect.DirectMethodHandleAccessor.invoke(DirectMethodHandleAccessor.java:104) ~[na:na]
	at java.base/java.lang.reflect.Method.invoke(Method.java:565) ~[na:na]
	at org.springframework.aop.support.AopUtils.invokeJoinpointUsingReflection(AopUtils.java:359) ~[spring-aop-7.0.3.jar:7.0.3]
	at org.springframework.aop.framework.ReflectiveMethodInvocation.invokeJoinpoint(ReflectiveMethodInvocation.java:190) ~[spring-aop-7.0.3.jar:7.0.3]
	at org.springframework.aop.framework.ReflectiveMethodInvocation.proceed(ReflectiveMethodInvocation.java:158) ~[spring-aop-7.0.3.jar:7.0.3]
	at org.springframework.security.authorization.method.AuthorizationManagerBeforeMethodInterceptor.proceed(AuthorizationManagerBeforeMethodInterceptor.java:271) ~[spring-security-core-7.0.2.jar:7.0.2]
	at org.springframework.security.authorization.method.AuthorizationManagerBeforeMethodInterceptor.attemptAuthorization(AuthorizationManagerBeforeMethodInterceptor.java:266) ~[spring-security-core-7.0.2.jar:7.0.2]
	at org.springframework.security.authorization.method.AuthorizationManagerBeforeMethodInterceptor.invoke(AuthorizationManagerBeforeMethodInterceptor.java:197) ~[spring-security-core-7.0.2.jar:7.0.2]
	at org.springframework.security.config.annotation.method.configuration.DeferringMethodInterceptor.invoke(DeferringMethodInterceptor.java:44) ~[spring-security-config-7.0.2.jar:7.0.2]
	at org.springframework.aop.framework.ReflectiveMethodInvocation.proceed(ReflectiveMethodInvocation.java:179) ~[spring-aop-7.0.3.jar:7.0.3]
	at org.springframework.aop.framework.CglibAopProxy$DynamicAdvisedInterceptor.intercept(CglibAopProxy.java:719) ~[spring-aop-7.0.3.jar:7.0.3]
	at com.nepheal.controller.AdminController$$SpringCGLIB$$0.deleteDoctor(<generated>) ~[classes/:na]
	at java.base/jdk.internal.reflect.DirectMethodHandleAccessor.invoke(DirectMethodHandleAccessor.java:104) ~[na:na]
	at java.base/java.lang.reflect.Method.invoke(Method.java:565) ~[na:na]
	at org.springframework.web.method.support.InvocableHandlerMethod.doInvoke(InvocableHandlerMethod.java:258) ~[spring-web-7.0.3.jar:7.0.3]
	at org.springframework.web.method.support.InvocableHandlerMethod.invokeForRequest(InvocableHandlerMethod.java:190) ~[spring-web-7.0.3.jar:7.0.3]
	at org.springframework.web.servlet.mvc.method.annotation.ServletInvocableHandlerMethod.invokeAndHandle(ServletInvocableHandlerMethod.java:117) ~[spring-webmvc-7.0.3.jar:7.0.3]
	at org.springframework.web.servlet.mvc.method.annotation.RequestMappingHandlerAdapter.invokeHandlerMethod(RequestMappingHandlerAdapter.java:934) ~[spring-webmvc-7.0.3.jar:7.0.3]
	at org.springframework.web.servlet.mvc.method.annotation.RequestMappingHandlerAdapter.handleInternal(RequestMappingHandlerAdapter.java:853) ~[spring-webmvc-7.0.3.jar:7.0.3]
	at org.springframework.web.servlet.mvc.method.AbstractHandlerMethodAdapter.handle(AbstractHandlerMethodAdapter.java:86) ~[spring-webmvc-7.0.3.jar:7.0.3]
	at org.springframework.web.servlet.DispatcherServlet.doDispatch(DispatcherServlet.java:963) ~[spring-webmvc-7.0.3.jar:7.0.3]
	at org.springframework.web.servlet.DispatcherServlet.doService(DispatcherServlet.java:866) ~[spring-webmvc-7.0.3.jar:7.0.3]
	at org.springframework.web.servlet.FrameworkServlet.processRequest(FrameworkServlet.java:1003) ~[spring-webmvc-7.0.3.jar:7.0.3]
	at org.springframework.web.servlet.FrameworkServlet.doDelete(FrameworkServlet.java:925) ~[spring-webmvc-7.0.3.jar:7.0.3]
	at jakarta.servlet.http.HttpServlet.service(HttpServlet.java:651) ~[tomcat-embed-core-11.0.15.jar:6.1]
	at org.springframework.web.servlet.FrameworkServlet.service(FrameworkServlet.java:874) ~[spring-webmvc-7.0.3.jar:7.0.3]
	at jakarta.servlet.http.HttpServlet.service(HttpServlet.java:710) ~[tomcat-embed-core-11.0.15.jar:6.1]
	at org.apache.catalina.core.ApplicationFilterChain.doFilter(ApplicationFilterChain.java:128) ~[tomcat-embed-core-11.0.15.jar:11.0.15]
	at org.apache.tomcat.websocket.server.WsFilter.doFilter(WsFilter.java:53) ~[tomcat-embed-websocket-11.0.15.jar:11.0.15]
	at org.apache.catalina.core.ApplicationFilterChain.doFilter(ApplicationFilterChain.java:107) ~[tomcat-embed-core-11.0.15.jar:11.0.15]
	at org.springframework.web.filter.OncePerRequestFilter.doFilter(OncePerRequestFilter.java:110) ~[spring-web-7.0.3.jar:7.0.3]
	at org.apache.catalina.core.ApplicationFilterChain.doFilter(ApplicationFilterChain.java:107) ~[tomcat-embed-core-11.0.15.jar:11.0.15]
	at org.springframework.web.filter.CompositeFilter$VirtualFilterChain.doFilter(CompositeFilter.java:108) ~[spring-web-7.0.3.jar:7.0.3]
	at org.springframework.security.web.FilterChainProxy.lambda$doFilterInternal$3(FilterChainProxy.java:235) ~[spring-security-web-7.0.2.jar:7.0.2]
	at org.springframework.security.web.FilterChainProxy$VirtualFilterChain.doFilter(FilterChainProxy.java:371) ~[spring-security-web-7.0.2.jar:7.0.2]
	at org.springframework.security.web.access.intercept.AuthorizationFilter.doFilter(AuthorizationFilter.java:101) ~[spring-security-web-7.0.2.jar:7.0.2]
	at org.springframework.security.web.FilterChainProxy$VirtualFilterChain.doFilter(FilterChainProxy.java:380) ~[spring-security-web-7.0.2.jar:7.0.2]
	at org.springframework.security.web.access.ExceptionTranslationFilter.doFilter(ExceptionTranslationFilter.java:126) ~[spring-security-web-7.0.2.jar:7.0.2]
	at org.springframework.security.web.access.ExceptionTranslationFilter.doFilter(ExceptionTranslationFilter.java:120) ~[spring-security-web-7.0.2.jar:7.0.2]
	at org.springframework.security.web.FilterChainProxy$VirtualFilterChain.doFilter(FilterChainProxy.java:380) ~[spring-security-web-7.0.2.jar:7.0.2]
	at org.springframework.security.web.session.SessionManagementFilter.doFilter(SessionManagementFilter.java:132) ~[spring-security-web-7.0.2.jar:7.0.2]
	at org.springframework.security.web.session.SessionManagementFilter.doFilter(SessionManagementFilter.java:86) ~[spring-security-web-7.0.2.jar:7.0.2]
	at org.springframework.security.web.FilterChainProxy$VirtualFilterChain.doFilter(FilterChainProxy.java:380) ~[spring-security-web-7.0.2.jar:7.0.2]
	at org.springframework.security.web.authentication.AnonymousAuthenticationFilter.doFilter(AnonymousAuthenticationFilter.java:100) ~[spring-security-web-7.0.2.jar:7.0.2]
	at org.springframework.security.web.FilterChainProxy$VirtualFilterChain.doFilter(FilterChainProxy.java:380) ~[spring-security-web-7.0.2.jar:7.0.2]
	at org.springframework.security.web.servletapi.SecurityContextHolderAwareRequestFilter.doFilter(SecurityContextHolderAwareRequestFilter.java:181) ~[spring-security-web-7.0.2.jar:7.0.2]
	at org.springframework.security.web.FilterChainProxy$VirtualFilterChain.doFilter(FilterChainProxy.java:380) ~[spring-security-web-7.0.2.jar:7.0.2]
	at org.springframework.security.web.savedrequest.RequestCacheAwareFilter.doFilter(RequestCacheAwareFilter.java:63) ~[spring-security-web-7.0.2.jar:7.0.2]
	at org.springframework.security.web.FilterChainProxy$VirtualFilterChain.doFilter(FilterChainProxy.java:380) ~[spring-security-web-7.0.2.jar:7.0.2]
	at com.nepheal.config.JwtAuthenticationFilter.doFilterInternal(JwtAuthenticationFilter.java:59) ~[classes/:na]
	at org.springframework.web.filter.OncePerRequestFilter.doFilter(OncePerRequestFilter.java:116) ~[spring-web-7.0.3.jar:7.0.3]
	at org.springframework.security.web.FilterChainProxy$VirtualFilterChain.doFilter(FilterChainProxy.java:380) ~[spring-security-web-7.0.2.jar:7.0.2]
	at org.springframework.security.web.authentication.logout.LogoutFilter.doFilter(LogoutFilter.java:110) ~[spring-security-web-7.0.2.jar:7.0.2]
	at org.springframework.security.web.authentication.logout.LogoutFilter.doFilter(LogoutFilter.java:96) ~[spring-security-web-7.0.2.jar:7.0.2]
	at org.springframework.security.web.FilterChainProxy$VirtualFilterChain.doFilter(FilterChainProxy.java:380) ~[spring-security-web-7.0.2.jar:7.0.2]
	at org.springframework.web.filter.CorsFilter.doFilterInternal(CorsFilter.java:91) ~[spring-web-7.0.3.jar:7.0.3]
	at org.springframework.web.filter.OncePerRequestFilter.doFilter(OncePerRequestFilter.java:116) ~[spring-web-7.0.3.jar:7.0.3]
	at org.springframework.security.web.FilterChainProxy$VirtualFilterChain.doFilter(FilterChainProxy.java:380) ~[spring-security-web-7.0.2.jar:7.0.2]
	at org.springframework.security.web.header.HeaderWriterFilter.doHeadersAfter(HeaderWriterFilter.java:90) ~[spring-security-web-7.0.2.jar:7.0.2]
	at org.springframework.security.web.header.HeaderWriterFilter.doFilterInternal(HeaderWriterFilter.java:75) ~[spring-security-web-7.0.2.jar:7.0.2]
	at org.springframework.web.filter.OncePerRequestFilter.doFilter(OncePerRequestFilter.java:116) ~[spring-web-7.0.3.jar:7.0.3]
	at org.springframework.security.web.FilterChainProxy$VirtualFilterChain.doFilter(FilterChainProxy.java:380) ~[spring-security-web-7.0.2.jar:7.0.2]
	at org.springframework.security.web.context.SecurityContextHolderFilter.doFilter(SecurityContextHolderFilter.java:82) ~[spring-security-web-7.0.2.jar:7.0.2]
	at org.springframework.security.web.context.SecurityContextHolderFilter.doFilter(SecurityContextHolderFilter.java:69) ~[spring-security-web-7.0.2.jar:7.0.2]
	at org.springframework.security.web.FilterChainProxy$VirtualFilterChain.doFilter(FilterChainProxy.java:380) ~[spring-security-web-7.0.2.jar:7.0.2]
	at org.springframework.security.web.context.request.async.WebAsyncManagerIntegrationFilter.doFilterInternal(WebAsyncManagerIntegrationFilter.java:62) ~[spring-security-web-7.0.2.jar:7.0.2]
	at org.springframework.web.filter.OncePerRequestFilter.doFilter(OncePerRequestFilter.java:116) ~[spring-web-7.0.3.jar:7.0.3]
	at org.springframework.security.web.FilterChainProxy$VirtualFilterChain.doFilter(FilterChainProxy.java:380) ~[spring-security-web-7.0.2.jar:7.0.2]
	at org.springframework.security.web.session.DisableEncodeUrlFilter.doFilterInternal(DisableEncodeUrlFilter.java:42) ~[spring-security-web-7.0.2.jar:7.0.2]
	at org.springframework.web.filter.OncePerRequestFilter.doFilter(OncePerRequestFilter.java:116) ~[spring-web-7.0.3.jar:7.0.3]
	at org.springframework.security.web.FilterChainProxy$VirtualFilterChain.doFilter(FilterChainProxy.java:380) ~[spring-security-web-7.0.2.jar:7.0.2]
	at org.springframework.security.web.FilterChainProxy.doFilterInternal(FilterChainProxy.java:237) ~[spring-security-web-7.0.2.jar:7.0.2]
	at org.springframework.security.web.FilterChainProxy.doFilter(FilterChainProxy.java:195) ~[spring-security-web-7.0.2.jar:7.0.2]
	at org.springframework.web.filter.CompositeFilter$VirtualFilterChain.doFilter(CompositeFilter.java:113) ~[spring-web-7.0.3.jar:7.0.3]
	at org.springframework.web.filter.ServletRequestPathFilter.doFilter(ServletRequestPathFilter.java:52) ~[spring-web-7.0.3.jar:7.0.3]
	at org.springframework.web.filter.CompositeFilter$VirtualFilterChain.doFilter(CompositeFilter.java:113) ~[spring-web-7.0.3.jar:7.0.3]
	at org.springframework.web.filter.CompositeFilter.doFilter(CompositeFilter.java:74) ~[spring-web-7.0.3.jar:7.0.3]
	at org.springframework.security.config.annotation.web.configuration.WebSecurityConfiguration$CompositeFilterChainProxy.doFilter(WebSecurityConfiguration.java:317) ~[spring-security-config-7.0.2.jar:7.0.2]
	at org.springframework.web.filter.DelegatingFilterProxy.invokeDelegate(DelegatingFilterProxy.java:355) ~[spring-web-7.0.3.jar:7.0.3]
	at org.springframework.web.filter.DelegatingFilterProxy.doFilter(DelegatingFilterProxy.java:272) ~[spring-web-7.0.3.jar:7.0.3]
	at org.apache.catalina.core.ApplicationFilterChain.doFilter(ApplicationFilterChain.java:107) ~[tomcat-embed-core-11.0.15.jar:11.0.15]
	at org.springframework.web.filter.RequestContextFilter.doFilterInternal(RequestContextFilter.java:100) ~[spring-web-7.0.3.jar:7.0.3]
	at org.springframework.web.filter.OncePerRequestFilter.doFilter(OncePerRequestFilter.java:116) ~[spring-web-7.0.3.jar:7.0.3]
	at org.apache.catalina.core.ApplicationFilterChain.doFilter(ApplicationFilterChain.java:107) ~[tomcat-embed-core-11.0.15.jar:11.0.15]
	at org.springframework.web.filter.FormContentFilter.doFilterInternal(FormContentFilter.java:93) ~[spring-web-7.0.3.jar:7.0.3]
	at org.springframework.web.filter.OncePerRequestFilter.doFilter(OncePerRequestFilter.java:116) ~[spring-web-7.0.3.jar:7.0.3]
	at org.apache.catalina.core.ApplicationFilterChain.doFilter(ApplicationFilterChain.java:107) ~[tomcat-embed-core-11.0.15.jar:11.0.15]
	at org.springframework.web.filter.CharacterEncodingFilter.doFilterInternal(CharacterEncodingFilter.java:199) ~[spring-web-7.0.3.jar:7.0.3]
	at org.springframework.web.filter.OncePerRequestFilter.doFilter(OncePerRequestFilter.java:116) ~[spring-web-7.0.3.jar:7.0.3]
	at org.apache.catalina.core.ApplicationFilterChain.doFilter(ApplicationFilterChain.java:107) ~[tomcat-embed-core-11.0.15.jar:11.0.15]
	at org.apache.catalina.core.StandardWrapperValve.invoke(StandardWrapperValve.java:165) ~[tomcat-embed-core-11.0.15.jar:11.0.15]
	at org.apache.catalina.core.StandardContextValve.invoke(StandardContextValve.java:77) ~[tomcat-embed-core-11.0.15.jar:11.0.15]
	at org.apache.catalina.authenticator.AuthenticatorBase.invoke(AuthenticatorBase.java:482) ~[tomcat-embed-core-11.0.15.jar:11.0.15]
	at org.apache.catalina.core.StandardHostValve.invoke(StandardHostValve.java:113) ~[tomcat-embed-core-11.0.15.jar:11.0.15]
	at org.apache.catalina.valves.ErrorReportValve.invoke(ErrorReportValve.java:83) ~[tomcat-embed-core-11.0.15.jar:11.0.15]
	at org.apache.catalina.core.StandardEngineValve.invoke(StandardEngineValve.java:72) ~[tomcat-embed-core-11.0.15.jar:11.0.15]
	at org.apache.catalina.connector.CoyoteAdapter.service(CoyoteAdapter.java:341) ~[tomcat-embed-core-11.0.15.jar:11.0.15]
	at org.apache.coyote.http11.Http11Processor.service(Http11Processor.java:397) ~[tomcat-embed-core-11.0.15.jar:11.0.15]
	at org.apache.coyote.AbstractProcessorLight.process(AbstractProcessorLight.java:63) ~[tomcat-embed-core-11.0.15.jar:11.0.15]
	at org.apache.coyote.AbstractProtocol$ConnectionHandler.process(AbstractProtocol.java:903) ~[tomcat-embed-core-11.0.15.jar:11.0.15]
	at org.apache.tomcat.util.net.NioEndpoint$SocketProcessor.doRun(NioEndpoint.java:1778) ~[tomcat-embed-core-11.0.15.jar:11.0.15]
	at org.apache.tomcat.util.net.SocketProcessorBase.run(SocketProcessorBase.java:52) ~[tomcat-embed-core-11.0.15.jar:11.0.15]
	at org.apache.tomcat.util.threads.ThreadPoolExecutor.runWorker(ThreadPoolExecutor.java:946) ~[tomcat-embed-core-11.0.15.jar:11.0.15]
	at org.apache.tomcat.util.threads.ThreadPoolExecutor$Worker.run(ThreadPoolExecutor.java:480) ~[tomcat-embed-core-11.0.15.jar:11.0.15]
	at org.apache.tomcat.util.threads.TaskThread$WrappingRunnable.run(TaskThread.java:57) ~[tomcat-embed-core-11.0.15.jar:11.0.15]
	at java.base/java.lang.Thread.run(Thread.java:1447) ~[na:na]

Hibernate: select u1_0.id,u1_0.email,u1_0.full_name,u1_0.password,u1_0.role from users u1_0 where u1_0.email=?
Hibernate: select count(*) from doctors d1_0
Hibernate: select count(*) from patients p1_0
Hibernate: select count(*) from appointments a1_0
Hibernate: select count(a1_0.id) from appointments a1_0 where a1_0.date_time between ? and ?
Hibernate: select u1_0.id,u1_0.email,u1_0.full_name,u1_0.password,u1_0.role from users u1_0 where u1_0.email=?
Hibernate: select count(*) from doctors d1_0
Hibernate: select count(*) from patients p1_0
Hibernate: select count(*) from appointments a1_0
Hibernate: select count(a1_0.id) from appointments a1_0 where a1_0.date_time between ? and ?
Hibernate: select u1_0.id,u1_0.email,u1_0.full_name,u1_0.password,u1_0.role from users u1_0 where u1_0.email=?
Hibernate: select p1_0.id,p1_0.contact_number,p1_0.dob,p1_0.gender,p1_0.user_id from patients p1_0
Hibernate: select u1_0.id,u1_0.email,u1_0.full_name,u1_0.password,u1_0.role from users u1_0 where u1_0.id=?
Hibernate: select u1_0.id,u1_0.email,u1_0.full_name,u1_0.password,u1_0.role from users u1_0 where u1_0.id=?
Hibernate: select u1_0.id,u1_0.email,u1_0.full_name,u1_0.password,u1_0.role from users u1_0 where u1_0.id=?
Hibernate: select u1_0.id,u1_0.email,u1_0.full_name,u1_0.password,u1_0.role from users u1_0 where u1_0.id=?
Hibernate: select u1_0.id,u1_0.email,u1_0.full_name,u1_0.password,u1_0.role from users u1_0 where u1_0.email=?
Hibernate: select p1_0.id,p1_0.contact_number,p1_0.dob,p1_0.gender,p1_0.user_id from patients p1_0
Hibernate: select u1_0.id,u1_0.email,u1_0.full_name,u1_0.password,u1_0.role from users u1_0 where u1_0.id=?
Hibernate: select u1_0.id,u1_0.email,u1_0.full_name,u1_0.password,u1_0.role from users u1_0 where u1_0.id=?
Hibernate: select u1_0.id,u1_0.email,u1_0.full_name,u1_0.password,u1_0.role from users u1_0 where u1_0.id=?
Hibernate: select u1_0.id,u1_0.email,u1_0.full_name,u1_0.password,u1_0.role from users u1_0 where u1_0.id=?
Hibernate: select u1_0.id,u1_0.email,u1_0.full_name,u1_0.password,u1_0.role from users u1_0 where u1_0.email=?
Hibernate: select count(*) from doctors d1_0
Hibernate: select count(*) from patients p1_0
Hibernate: select count(*) from appointments a1_0
Hibernate: select count(a1_0.id) from appointments a1_0 where a1_0.date_time between ? and ?
Hibernate: select u1_0.id,u1_0.email,u1_0.full_name,u1_0.password,u1_0.role from users u1_0 where u1_0.email=?
Hibernate: select count(*) from doctors d1_0
Hibernate: select count(*) from patients p1_0
Hibernate: select count(*) from appointments a1_0
Hibernate: select count(a1_0.id) from appointments a1_0 where a1_0.date_time between ? and ?
Hibernate: select u1_0.id,u1_0.email,u1_0.full_name,u1_0.password,u1_0.role from users u1_0 where u1_0.email=?
Hibernate: select d1_0.id,d1_0.experience_years,d1_0.specialization,d1_0.status,d1_0.user_id from doctors d1_0
Hibernate: select u1_0.id,u1_0.email,u1_0.full_name,u1_0.password,u1_0.role from users u1_0 where u1_0.id=?
Hibernate: select u1_0.id,u1_0.email,u1_0.full_name,u1_0.password,u1_0.role from users u1_0 where u1_0.id=?
Hibernate: select u1_0.id,u1_0.email,u1_0.full_name,u1_0.password,u1_0.role from users u1_0 where u1_0.id=?
Hibernate: select u1_0.id,u1_0.email,u1_0.full_name,u1_0.password,u1_0.role from users u1_0 where u1_0.id=?
Hibernate: select u1_0.id,u1_0.email,u1_0.full_name,u1_0.password,u1_0.role from users u1_0 where u1_0.email=?
Hibernate: select d1_0.id,d1_0.experience_years,d1_0.specialization,d1_0.status,d1_0.user_id from doctors d1_0
Hibernate: select u1_0.id,u1_0.email,u1_0.full_name,u1_0.password,u1_0.role from users u1_0 where u1_0.id=?
Hibernate: select u1_0.id,u1_0.email,u1_0.full_name,u1_0.password,u1_0.role from users u1_0 where u1_0.id=?
Hibernate: select u1_0.id,u1_0.email,u1_0.full_name,u1_0.password,u1_0.role from users u1_0 where u1_0.id=?
Hibernate: select u1_0.id,u1_0.email,u1_0.full_name,u1_0.password,u1_0.role from users u1_0 where u1_0.id=?
Hibernate: select u1_0.id,u1_0.email,u1_0.full_name,u1_0.password,u1_0.role from users u1_0 where u1_0.email=?
Hibernate: select count(*) from doctors d1_0
Hibernate: select count(*) from patients p1_0
Hibernate: select count(*) from appointments a1_0
Hibernate: select count(a1_0.id) from appointments a1_0 where a1_0.date_time between ? and ?
Hibernate: select u1_0.id,u1_0.email,u1_0.full_name,u1_0.password,u1_0.role from users u1_0 where u1_0.email=?
Hibernate: select count(*) from doctors d1_0
Hibernate: select count(*) from patients p1_0
Hibernate: select count(*) from appointments a1_0
Hibernate: select count(a1_0.id) from appointments a1_0 where a1_0.date_time between ? and ?
Hibernate: select u1_0.id,u1_0.email,u1_0.full_name,u1_0.password,u1_0.role from users u1_0 where u1_0.email=?
Hibernate: select p1_0.id,p1_0.contact_number,p1_0.dob,p1_0.gender,p1_0.user_id from patients p1_0
Hibernate: select u1_0.id,u1_0.email,u1_0.full_name,u1_0.password,u1_0.role from users u1_0 where u1_0.id=?
Hibernate: select u1_0.id,u1_0.email,u1_0.full_name,u1_0.password,u1_0.role from users u1_0 where u1_0.id=?
Hibernate: select u1_0.id,u1_0.email,u1_0.full_name,u1_0.password,u1_0.role from users u1_0 where u1_0.id=?
Hibernate: select u1_0.id,u1_0.email,u1_0.full_name,u1_0.password,u1_0.role from users u1_0 where u1_0.id=?
Hibernate: select u1_0.id,u1_0.email,u1_0.full_name,u1_0.password,u1_0.role from users u1_0 where u1_0.email=?
Hibernate: select p1_0.id,p1_0.contact_number,p1_0.dob,p1_0.gender,p1_0.user_id from patients p1_0
Hibernate: select u1_0.id,u1_0.email,u1_0.full_name,u1_0.password,u1_0.role from users u1_0 where u1_0.id=?
Hibernate: select u1_0.id,u1_0.email,u1_0.full_name,u1_0.password,u1_0.role from users u1_0 where u1_0.id=?
Hibernate: select u1_0.id,u1_0.email,u1_0.full_name,u1_0.password,u1_0.role from users u1_0 where u1_0.id=?
Hibernate: select u1_0.id,u1_0.email,u1_0.full_name,u1_0.password,u1_0.role from users u1_0 where u1_0.id=?
Hibernate: select u1_0.id,u1_0.email,u1_0.full_name,u1_0.password,u1_0.role from users u1_0 where u1_0.email=?
Hibernate: select count(*) from doctors d1_0
Hibernate: select count(*) from patients p1_0
Hibernate: select count(*) from appointments a1_0
Hibernate: select count(a1_0.id) from appointments a1_0 where a1_0.date_time between ? and ?
Hibernate: select u1_0.id,u1_0.email,u1_0.full_name,u1_0.password,u1_0.role from users u1_0 where u1_0.email=?
Hibernate: select count(*) from doctors d1_0
Hibernate: select count(*) from patients p1_0
Hibernate: select count(*) from appointments a1_0
Hibernate: select count(a1_0.id) from appointments a1_0 where a1_0.date_time between ? and ?
Hibernate: select u1_0.id,u1_0.email,u1_0.full_name,u1_0.password,u1_0.role from users u1_0 where u1_0.email=?
Hibernate: select u1_0.id,u1_0.email,u1_0.full_name,u1_0.password,u1_0.role from users u1_0 where u1_0.email=?
Hibernate: select u1_0.id,u1_0.email,u1_0.full_name,u1_0.password,u1_0.role from users u1_0 where u1_0.email=?
Hibernate: select u1_0.id,u1_0.email,u1_0.full_name,u1_0.password,u1_0.role from users u1_0 where u1_0.email=?
Hibernate: select u1_0.id,u1_0.email,u1_0.full_name,u1_0.password,u1_0.role from users u1_0 where u1_0.email=?
Hibernate: select p1_0.id,p1_0.contact_number,p1_0.dob,p1_0.gender,p1_0.user_id from patients p1_0 where p1_0.user_id=?
Hibernate: select a1_0.id,a1_0.date_time,a1_0.doctor_id,a1_0.notes,a1_0.patient_id,a1_0.status from appointments a1_0 where a1_0.patient_id=?
Hibernate: select d1_0.id,d1_0.experience_years,d1_0.specialization,d1_0.status,u1_0.id,u1_0.email,u1_0.full_name,u1_0.password,u1_0.role from doctors d1_0 left join users u1_0 on u1_0.id=d1_0.user_id where d1_0.id=?
Hibernate: select u1_0.id,u1_0.email,u1_0.full_name,u1_0.password,u1_0.role from users u1_0 where u1_0.email=?
Hibernate: select u1_0.id,u1_0.email,u1_0.full_name,u1_0.password,u1_0.role from users u1_0 where u1_0.email=?
Hibernate: select p1_0.id,p1_0.contact_number,p1_0.dob,p1_0.gender,p1_0.user_id from patients p1_0 where p1_0.user_id=?
Hibernate: select a1_0.id,a1_0.date_time,a1_0.doctor_id,a1_0.notes,a1_0.patient_id,a1_0.status from appointments a1_0 where a1_0.patient_id=?
Hibernate: select d1_0.id,d1_0.experience_years,d1_0.specialization,d1_0.status,u1_0.id,u1_0.email,u1_0.full_name,u1_0.password,u1_0.role from doctors d1_0 left join users u1_0 on u1_0.id=d1_0.user_id where d1_0.id=?
Hibernate: select u1_0.id,u1_0.email,u1_0.full_name,u1_0.password,u1_0.role from users u1_0 where u1_0.email=?
Hibernate: select u1_0.id,u1_0.email,u1_0.full_name,u1_0.password,u1_0.role from users u1_0 where u1_0.email=?
Hibernate: select u1_0.id,u1_0.email,u1_0.full_name,u1_0.password,u1_0.role from users u1_0 where u1_0.email=?
Hibernate: select count(*) from doctors d1_0
Hibernate: select count(*) from patients p1_0
Hibernate: select count(*) from appointments a1_0
Hibernate: select count(a1_0.id) from appointments a1_0 where a1_0.date_time between ? and ?
Hibernate: select u1_0.id,u1_0.email,u1_0.full_name,u1_0.password,u1_0.role from users u1_0 where u1_0.email=?
Hibernate: select count(*) from doctors d1_0
Hibernate: select count(*) from patients p1_0
Hibernate: select count(*) from appointments a1_0
Hibernate: select count(a1_0.id) from appointments a1_0 where a1_0.date_time between ? and ?
Hibernate: select u1_0.id,u1_0.email,u1_0.full_name,u1_0.password,u1_0.role from users u1_0 where u1_0.email=?
Hibernate: select p1_0.id,p1_0.contact_number,p1_0.dob,p1_0.gender,p1_0.user_id from patients p1_0
Hibernate: select u1_0.id,u1_0.email,u1_0.full_name,u1_0.password,u1_0.role from users u1_0 where u1_0.id=?
Hibernate: select u1_0.id,u1_0.email,u1_0.full_name,u1_0.password,u1_0.role from users u1_0 where u1_0.id=?
Hibernate: select u1_0.id,u1_0.email,u1_0.full_name,u1_0.password,u1_0.role from users u1_0 where u1_0.id=?
Hibernate: select u1_0.id,u1_0.email,u1_0.full_name,u1_0.password,u1_0.role from users u1_0 where u1_0.id=?
Hibernate: select u1_0.id,u1_0.email,u1_0.full_name,u1_0.password,u1_0.role from users u1_0 where u1_0.email=?
Hibernate: select p1_0.id,p1_0.contact_number,p1_0.dob,p1_0.gender,p1_0.user_id from patients p1_0
Hibernate: select u1_0.id,u1_0.email,u1_0.full_name,u1_0.password,u1_0.role from users u1_0 where u1_0.id=?
Hibernate: select u1_0.id,u1_0.email,u1_0.full_name,u1_0.password,u1_0.role from users u1_0 where u1_0.id=?
Hibernate: select u1_0.id,u1_0.email,u1_0.full_name,u1_0.password,u1_0.role from users u1_0 where u1_0.id=?
Hibernate: select u1_0.id,u1_0.email,u1_0.full_name,u1_0.password,u1_0.role from users u1_0 where u1_0.id=?
Hibernate: select u1_0.id,u1_0.email,u1_0.full_name,u1_0.password,u1_0.role from users u1_0 where u1_0.email=?
Hibernate: select count(*) from doctors d1_0
Hibernate: select count(*) from patients p1_0
Hibernate: select count(*) from appointments a1_0
Hibernate: select count(a1_0.id) from appointments a1_0 where a1_0.date_time between ? and ?
Hibernate: select u1_0.id,u1_0.email,u1_0.full_name,u1_0.password,u1_0.role from users u1_0 where u1_0.email=?
Hibernate: select count(*) from doctors d1_0
Hibernate: select count(*) from patients p1_0
Hibernate: select count(*) from appointments a1_0
Hibernate: select count(a1_0.id) from appointments a1_0 where a1_0.date_time between ? and ?
Hibernate: select u1_0.id,u1_0.email,u1_0.full_name,u1_0.password,u1_0.role from users u1_0 where u1_0.email=?
Hibernate: select d1_0.id,d1_0.experience_years,d1_0.specialization,d1_0.status,d1_0.user_id from doctors d1_0
Hibernate: select u1_0.id,u1_0.email,u1_0.full_name,u1_0.password,u1_0.role from users u1_0 where u1_0.id=?
Hibernate: select u1_0.id,u1_0.email,u1_0.full_name,u1_0.password,u1_0.role from users u1_0 where u1_0.id=?
Hibernate: select u1_0.id,u1_0.email,u1_0.full_name,u1_0.password,u1_0.role from users u1_0 where u1_0.id=?
Hibernate: select u1_0.id,u1_0.email,u1_0.full_name,u1_0.password,u1_0.role from users u1_0 where u1_0.id=?
Hibernate: select u1_0.id,u1_0.email,u1_0.full_name,u1_0.password,u1_0.role from users u1_0 where u1_0.email=?
Hibernate: select d1_0.id,d1_0.experience_years,d1_0.specialization,d1_0.status,d1_0.user_id from doctors d1_0
Hibernate: select u1_0.id,u1_0.email,u1_0.full_name,u1_0.password,u1_0.role from users u1_0 where u1_0.id=?
Hibernate: select u1_0.id,u1_0.email,u1_0.full_name,u1_0.password,u1_0.role from users u1_0 where u1_0.id=?
Hibernate: select u1_0.id,u1_0.email,u1_0.full_name,u1_0.password,u1_0.role from users u1_0 where u1_0.id=?
Hibernate: select u1_0.id,u1_0.email,u1_0.full_name,u1_0.password,u1_0.role from users u1_0 where u1_0.id=?
Hibernate: select u1_0.id,u1_0.email,u1_0.full_name,u1_0.password,u1_0.role from users u1_0 where u1_0.email=?
Hibernate: select count(*) from doctors d1_0
Hibernate: select count(*) from patients p1_0
Hibernate: select count(*) from appointments a1_0
Hibernate: select count(a1_0.id) from appointments a1_0 where a1_0.date_time between ? and ?
Hibernate: select u1_0.id,u1_0.email,u1_0.full_name,u1_0.password,u1_0.role from users u1_0 where u1_0.email=?
Hibernate: select count(*) from doctors d1_0
Hibernate: select count(*) from patients p1_0
Hibernate: select count(*) from appointments a1_0
Hibernate: select count(a1_0.id) from appointments a1_0 where a1_0.date_time between ? and ?
Hibernate: select u1_0.id,u1_0.email,u1_0.full_name,u1_0.password,u1_0.role from users u1_0 where u1_0.email=?
Hibernate: select p1_0.id,p1_0.contact_number,p1_0.dob,p1_0.gender,p1_0.user_id from patients p1_0
Hibernate: select u1_0.id,u1_0.email,u1_0.full_name,u1_0.password,u1_0.role from users u1_0 where u1_0.id=?
Hibernate: select u1_0.id,u1_0.email,u1_0.full_name,u1_0.password,u1_0.role from users u1_0 where u1_0.id=?
Hibernate: select u1_0.id,u1_0.email,u1_0.full_name,u1_0.password,u1_0.role from users u1_0 where u1_0.id=?
Hibernate: select u1_0.id,u1_0.email,u1_0.full_name,u1_0.password,u1_0.role from users u1_0 where u1_0.id=?
Hibernate: select u1_0.id,u1_0.email,u1_0.full_name,u1_0.password,u1_0.role from users u1_0 where u1_0.email=?
Hibernate: select p1_0.id,p1_0.contact_number,p1_0.dob,p1_0.gender,p1_0.user_id from patients p1_0
Hibernate: select u1_0.id,u1_0.email,u1_0.full_name,u1_0.password,u1_0.role from users u1_0 where u1_0.id=?
Hibernate: select u1_0.id,u1_0.email,u1_0.full_name,u1_0.password,u1_0.role from users u1_0 where u1_0.id=?
Hibernate: select u1_0.id,u1_0.email,u1_0.full_name,u1_0.password,u1_0.role from users u1_0 where u1_0.id=?
Hibernate: select u1_0.id,u1_0.email,u1_0.full_name,u1_0.password,u1_0.role from users u1_0 where u1_0.id=?
Hibernate: select u1_0.id,u1_0.email,u1_0.full_name,u1_0.password,u1_0.role from users u1_0 where u1_0.email=?
Hibernate: select count(*) from doctors d1_0
Hibernate: select count(*) from patients p1_0
Hibernate: select count(*) from appointments a1_0
Hibernate: select count(a1_0.id) from appointments a1_0 where a1_0.date_time between ? and ?
Hibernate: select u1_0.id,u1_0.email,u1_0.full_name,u1_0.password,u1_0.role from users u1_0 where u1_0.email=?
Hibernate: select count(*) from doctors d1_0
Hibernate: select count(*) from patients p1_0
Hibernate: select count(*) from appointments a1_0
Hibernate: select count(a1_0.id) from appointments a1_0 where a1_0.date_time between ? and ?
Hibernate: select u1_0.id,u1_0.email,u1_0.full_name,u1_0.password,u1_0.role from users u1_0 where u1_0.email=?
Hibernate: select d1_0.id,d1_0.experience_years,d1_0.specialization,d1_0.status,d1_0.user_id from doctors d1_0
Hibernate: select u1_0.id,u1_0.email,u1_0.full_name,u1_0.password,u1_0.role from users u1_0 where u1_0.id=?
Hibernate: select u1_0.id,u1_0.email,u1_0.full_name,u1_0.password,u1_0.role from users u1_0 where u1_0.id=?
Hibernate: select u1_0.id,u1_0.email,u1_0.full_name,u1_0.password,u1_0.role from users u1_0 where u1_0.id=?
Hibernate: select u1_0.id,u1_0.email,u1_0.full_name,u1_0.password,u1_0.role from users u1_0 where u1_0.id=?
Hibernate: select u1_0.id,u1_0.email,u1_0.full_name,u1_0.password,u1_0.role from users u1_0 where u1_0.email=?
Hibernate: select d1_0.id,d1_0.experience_years,d1_0.specialization,d1_0.status,d1_0.user_id from doctors d1_0
Hibernate: select u1_0.id,u1_0.email,u1_0.full_name,u1_0.password,u1_0.role from users u1_0 where u1_0.id=?
Hibernate: select u1_0.id,u1_0.email,u1_0.full_name,u1_0.password,u1_0.role from users u1_0 where u1_0.id=?
Hibernate: select u1_0.id,u1_0.email,u1_0.full_name,u1_0.password,u1_0.role from users u1_0 where u1_0.id=?
Hibernate: select u1_0.id,u1_0.email,u1_0.full_name,u1_0.password,u1_0.role from users u1_0 where u1_0.id=?
Hibernate: select u1_0.id,u1_0.email,u1_0.full_name,u1_0.password,u1_0.role from users u1_0 where u1_0.email=?
Hibernate: select count(*) from doctors d1_0
Hibernate: select count(*) from patients p1_0
Hibernate: select count(*) from appointments a1_0
Hibernate: select count(a1_0.id) from appointments a1_0 where a1_0.date_time between ? and ?
Hibernate: select u1_0.id,u1_0.email,u1_0.full_name,u1_0.password,u1_0.role from users u1_0 where u1_0.email=?
Hibernate: select count(*) from doctors d1_0
Hibernate: select count(*) from patients p1_0
Hibernate: select count(*) from appointments a1_0
Hibernate: select count(a1_0.id) from appointments a1_0 where a1_0.date_time between ? and ?
Hibernate: select u1_0.id,u1_0.email,u1_0.full_name,u1_0.password,u1_0.role from users u1_0 where u1_0.email=?
Hibernate: select d1_0.id,d1_0.experience_years,d1_0.specialization,d1_0.status,d1_0.user_id from doctors d1_0
Hibernate: select u1_0.id,u1_0.email,u1_0.full_name,u1_0.password,u1_0.role from users u1_0 where u1_0.id=?
Hibernate: select u1_0.id,u1_0.email,u1_0.full_name,u1_0.password,u1_0.role from users u1_0 where u1_0.id=?
Hibernate: select u1_0.id,u1_0.email,u1_0.full_name,u1_0.password,u1_0.role from users u1_0 where u1_0.id=?
Hibernate: select u1_0.id,u1_0.email,u1_0.full_name,u1_0.password,u1_0.role from users u1_0 where u1_0.id=?
Hibernate: select u1_0.id,u1_0.email,u1_0.full_name,u1_0.password,u1_0.role from users u1_0 where u1_0.email=?
Hibernate: select d1_0.id,d1_0.experience_years,d1_0.specialization,d1_0.status,d1_0.user_id from doctors d1_0
Hibernate: select u1_0.id,u1_0.email,u1_0.full_name,u1_0.password,u1_0.role from users u1_0 where u1_0.id=?
Hibernate: select u1_0.id,u1_0.email,u1_0.full_name,u1_0.password,u1_0.role from users u1_0 where u1_0.id=?
Hibernate: select u1_0.id,u1_0.email,u1_0.full_name,u1_0.password,u1_0.role from users u1_0 where u1_0.id=?
Hibernate: select u1_0.id,u1_0.email,u1_0.full_name,u1_0.password,u1_0.role from users u1_0 where u1_0.id=?
Hibernate: select u1_0.id,u1_0.email,u1_0.full_name,u1_0.password,u1_0.role from users u1_0 where u1_0.email=?
Hibernate: select count(*) from doctors d1_0
Hibernate: select count(*) from patients p1_0
Hibernate: select count(*) from appointments a1_0
Hibernate: select count(a1_0.id) from appointments a1_0 where a1_0.date_time between ? and ?
Hibernate: select u1_0.id,u1_0.email,u1_0.full_name,u1_0.password,u1_0.role from users u1_0 where u1_0.email=?
Hibernate: select count(*) from doctors d1_0
Hibernate: select count(*) from patients p1_0
Hibernate: select count(*) from appointments a1_0
Hibernate: select count(a1_0.id) from appointments a1_0 where a1_0.date_time between ? and ?
Hibernate: select u1_0.id,u1_0.email,u1_0.full_name,u1_0.password,u1_0.role from users u1_0 where u1_0.email=?
Hibernate: select d1_0.id,d1_0.experience_years,d1_0.specialization,d1_0.status,d1_0.user_id from doctors d1_0
Hibernate: select u1_0.id,u1_0.email,u1_0.full_name,u1_0.password,u1_0.role from users u1_0 where u1_0.id=?
Hibernate: select u1_0.id,u1_0.email,u1_0.full_name,u1_0.password,u1_0.role from users u1_0 where u1_0.id=?
Hibernate: select u1_0.id,u1_0.email,u1_0.full_name,u1_0.password,u1_0.role from users u1_0 where u1_0.id=?
Hibernate: select u1_0.id,u1_0.email,u1_0.full_name,u1_0.password,u1_0.role from users u1_0 where u1_0.id=?
Hibernate: select u1_0.id,u1_0.email,u1_0.full_name,u1_0.password,u1_0.role from users u1_0 where u1_0.email=?
Hibernate: select d1_0.id,d1_0.experience_years,d1_0.specialization,d1_0.status,d1_0.user_id from doctors d1_0
Hibernate: select u1_0.id,u1_0.email,u1_0.full_name,u1_0.password,u1_0.role from users u1_0 where u1_0.id=?
Hibernate: select u1_0.id,u1_0.email,u1_0.full_name,u1_0.password,u1_0.role from users u1_0 where u1_0.id=?
Hibernate: select u1_0.id,u1_0.email,u1_0.full_name,u1_0.password,u1_0.role from users u1_0 where u1_0.id=?
Hibernate: select u1_0.id,u1_0.email,u1_0.full_name,u1_0.password,u1_0.role from users u1_0 where u1_0.id=?
Hibernate: select u1_0.id,u1_0.email,u1_0.full_name,u1_0.password,u1_0.role from users u1_0 where u1_0.email=?
Hibernate: select count(*) from doctors d1_0
Hibernate: select count(*) from patients p1_0
Hibernate: select count(*) from appointments a1_0
Hibernate: select count(a1_0.id) from appointments a1_0 where a1_0.date_time between ? and ?
Hibernate: select u1_0.id,u1_0.email,u1_0.full_name,u1_0.password,u1_0.role from users u1_0 where u1_0.email=?
Hibernate: select count(*) from doctors d1_0
Hibernate: select count(*) from patients p1_0
Hibernate: select count(*) from appointments a1_0
Hibernate: select count(a1_0.id) from appointments a1_0 where a1_0.date_time between ? and ?
Hibernate: select u1_0.id,u1_0.email,u1_0.full_name,u1_0.password,u1_0.role from users u1_0 where u1_0.email=?
Hibernate: select d1_0.id,d1_0.experience_years,d1_0.specialization,d1_0.status,d1_0.user_id from doctors d1_0
Hibernate: select u1_0.id,u1_0.email,u1_0.full_name,u1_0.password,u1_0.role from users u1_0 where u1_0.id=?
Hibernate: select u1_0.id,u1_0.email,u1_0.full_name,u1_0.password,u1_0.role from users u1_0 where u1_0.id=?
Hibernate: select u1_0.id,u1_0.email,u1_0.full_name,u1_0.password,u1_0.role from users u1_0 where u1_0.id=?
Hibernate: select u1_0.id,u1_0.email,u1_0.full_name,u1_0.password,u1_0.role from users u1_0 where u1_0.id=?
Hibernate: select u1_0.id,u1_0.email,u1_0.full_name,u1_0.password,u1_0.role from users u1_0 where u1_0.email=?
Hibernate: select d1_0.id,d1_0.experience_years,d1_0.specialization,d1_0.status,d1_0.user_id from doctors d1_0
Hibernate: select u1_0.id,u1_0.email,u1_0.full_name,u1_0.password,u1_0.role from users u1_0 where u1_0.id=?
Hibernate: select u1_0.id,u1_0.email,u1_0.full_name,u1_0.password,u1_0.role from users u1_0 where u1_0.id=?
Hibernate: select u1_0.id,u1_0.email,u1_0.full_name,u1_0.password,u1_0.role from users u1_0 where u1_0.id=?
Hibernate: select u1_0.id,u1_0.email,u1_0.full_name,u1_0.password,u1_0.role from users u1_0 where u1_0.id=?
Hibernate: select u1_0.id,u1_0.email,u1_0.full_name,u1_0.password,u1_0.role from users u1_0 where u1_0.email=?
Hibernate: select count(*) from doctors d1_0
Hibernate: select count(*) from patients p1_0
Hibernate: select count(*) from appointments a1_0
Hibernate: select count(a1_0.id) from appointments a1_0 where a1_0.date_time between ? and ?
Hibernate: select u1_0.id,u1_0.email,u1_0.full_name,u1_0.password,u1_0.role from users u1_0 where u1_0.email=?
Hibernate: select count(*) from doctors d1_0
Hibernate: select count(*) from patients p1_0
Hibernate: select count(*) from appointments a1_0
Hibernate: select count(a1_0.id) from appointments a1_0 where a1_0.date_time between ? and ?
Hibernate: select u1_0.id,u1_0.email,u1_0.full_name,u1_0.password,u1_0.role from users u1_0 where u1_0.email=?
Hibernate: select d1_0.id,d1_0.experience_years,d1_0.specialization,d1_0.status,d1_0.user_id from doctors d1_0
Hibernate: select u1_0.id,u1_0.email,u1_0.full_name,u1_0.password,u1_0.role from users u1_0 where u1_0.id=?
Hibernate: select u1_0.id,u1_0.email,u1_0.full_name,u1_0.password,u1_0.role from users u1_0 where u1_0.id=?
Hibernate: select u1_0.id,u1_0.email,u1_0.full_name,u1_0.password,u1_0.role from users u1_0 where u1_0.id=?
Hibernate: select u1_0.id,u1_0.email,u1_0.full_name,u1_0.password,u1_0.role from users u1_0 where u1_0.id=?
Hibernate: select u1_0.id,u1_0.email,u1_0.full_name,u1_0.password,u1_0.role from users u1_0 where u1_0.email=?
Hibernate: select d1_0.id,d1_0.experience_years,d1_0.specialization,d1_0.status,d1_0.user_id from doctors d1_0
Hibernate: select u1_0.id,u1_0.email,u1_0.full_name,u1_0.password,u1_0.role from users u1_0 where u1_0.id=?
Hibernate: select u1_0.id,u1_0.email,u1_0.full_name,u1_0.password,u1_0.role from users u1_0 where u1_0.id=?
Hibernate: select u1_0.id,u1_0.email,u1_0.full_name,u1_0.password,u1_0.role from users u1_0 where u1_0.id=?
Hibernate: select u1_0.id,u1_0.email,u1_0.full_name,u1_0.password,u1_0.role from users u1_0 where u1_0.id=?
Hibernate: select u1_0.id,u1_0.email,u1_0.full_name,u1_0.password,u1_0.role from users u1_0 where u1_0.email=?
Hibernate: select count(*) from doctors d1_0
Hibernate: select count(*) from patients p1_0
Hibernate: select count(*) from appointments a1_0
Hibernate: select count(a1_0.id) from appointments a1_0 where a1_0.date_time between ? and ?
Hibernate: select u1_0.id,u1_0.email,u1_0.full_name,u1_0.password,u1_0.role from users u1_0 where u1_0.email=?
Hibernate: select count(*) from doctors d1_0
Hibernate: select count(*) from patients p1_0
Hibernate: select count(*) from appointments a1_0
Hibernate: select count(a1_0.id) from appointments a1_0 where a1_0.date_time between ? and ?
Hibernate: select u1_0.id,u1_0.email,u1_0.full_name,u1_0.password,u1_0.role from users u1_0 where u1_0.email=?
Hibernate: select d1_0.id,d1_0.experience_years,d1_0.specialization,d1_0.status,d1_0.user_id from doctors d1_0
Hibernate: select u1_0.id,u1_0.email,u1_0.full_name,u1_0.password,u1_0.role from users u1_0 where u1_0.id=?
Hibernate: select u1_0.id,u1_0.email,u1_0.full_name,u1_0.password,u1_0.role from users u1_0 where u1_0.id=?
Hibernate: select u1_0.id,u1_0.email,u1_0.full_name,u1_0.password,u1_0.role from users u1_0 where u1_0.id=?
Hibernate: select u1_0.id,u1_0.email,u1_0.full_name,u1_0.password,u1_0.role from users u1_0 where u1_0.id=?
Hibernate: select u1_0.id,u1_0.email,u1_0.full_name,u1_0.password,u1_0.role from users u1_0 where u1_0.email=?
Hibernate: select d1_0.id,d1_0.experience_years,d1_0.specialization,d1_0.status,d1_0.user_id from doctors d1_0
Hibernate: select u1_0.id,u1_0.email,u1_0.full_name,u1_0.password,u1_0.role from users u1_0 where u1_0.id=?
Hibernate: select u1_0.id,u1_0.email,u1_0.full_name,u1_0.password,u1_0.role from users u1_0 where u1_0.id=?
Hibernate: select u1_0.id,u1_0.email,u1_0.full_name,u1_0.password,u1_0.role from users u1_0 where u1_0.id=?
Hibernate: select u1_0.id,u1_0.email,u1_0.full_name,u1_0.password,u1_0.role from users u1_0 where u1_0.id=?
Hibernate: select u1_0.id,u1_0.email,u1_0.full_name,u1_0.password,u1_0.role from users u1_0 where u1_0.email=?
Hibernate: select count(*) from doctors d1_0
Hibernate: select count(*) from patients p1_0
Hibernate: select count(*) from appointments a1_0
Hibernate: select count(a1_0.id) from appointments a1_0 where a1_0.date_time between ? and ?
Hibernate: select u1_0.id,u1_0.email,u1_0.full_name,u1_0.password,u1_0.role from users u1_0 where u1_0.email=?
Hibernate: select count(*) from doctors d1_0
Hibernate: select count(*) from patients p1_0
Hibernate: select count(*) from appointments a1_0
Hibernate: select count(a1_0.id) from appointments a1_0 where a1_0.date_time between ? and ?
Hibernate: select u1_0.id,u1_0.email,u1_0.full_name,u1_0.password,u1_0.role from users u1_0 where u1_0.email=?
Hibernate: select p1_0.id,p1_0.contact_number,p1_0.dob,p1_0.gender,p1_0.user_id from patients p1_0
Hibernate: select u1_0.id,u1_0.email,u1_0.full_name,u1_0.password,u1_0.role from users u1_0 where u1_0.id=?
Hibernate: select u1_0.id,u1_0.email,u1_0.full_name,u1_0.password,u1_0.role from users u1_0 where u1_0.id=?
Hibernate: select u1_0.id,u1_0.email,u1_0.full_name,u1_0.password,u1_0.role from users u1_0 where u1_0.id=?
Hibernate: select u1_0.id,u1_0.email,u1_0.full_name,u1_0.password,u1_0.role from users u1_0 where u1_0.id=?
Hibernate: select u1_0.id,u1_0.email,u1_0.full_name,u1_0.password,u1_0.role from users u1_0 where u1_0.email=?
Hibernate: select p1_0.id,p1_0.contact_number,p1_0.dob,p1_0.gender,p1_0.user_id from patients p1_0
Hibernate: select u1_0.id,u1_0.email,u1_0.full_name,u1_0.password,u1_0.role from users u1_0 where u1_0.id=?
Hibernate: select u1_0.id,u1_0.email,u1_0.full_name,u1_0.password,u1_0.role from users u1_0 where u1_0.id=?
Hibernate: select u1_0.id,u1_0.email,u1_0.full_name,u1_0.password,u1_0.role from users u1_0 where u1_0.id=?
Hibernate: select u1_0.id,u1_0.email,u1_0.full_name,u1_0.password,u1_0.role from users u1_0 where u1_0.id=?
Hibernate: select u1_0.id,u1_0.email,u1_0.full_name,u1_0.password,u1_0.role from users u1_0 where u1_0.email=?
Hibernate: select count(*) from doctors d1_0
Hibernate: select count(*) from patients p1_0
Hibernate: select count(*) from appointments a1_0
Hibernate: select count(a1_0.id) from appointments a1_0 where a1_0.date_time between ? and ?
Hibernate: select u1_0.id,u1_0.email,u1_0.full_name,u1_0.password,u1_0.role from users u1_0 where u1_0.email=?
Hibernate: select count(*) from doctors d1_0
Hibernate: select count(*) from patients p1_0
Hibernate: select count(*) from appointments a1_0
Hibernate: select count(a1_0.id) from appointments a1_0 where a1_0.date_time between ? and ?
Hibernate: select u1_0.id,u1_0.email,u1_0.full_name,u1_0.password,u1_0.role from users u1_0 where u1_0.email=?
Hibernate: select d1_0.id,d1_0.experience_years,d1_0.specialization,d1_0.status,d1_0.user_id from doctors d1_0
Hibernate: select u1_0.id,u1_0.email,u1_0.full_name,u1_0.password,u1_0.role from users u1_0 where u1_0.id=?
Hibernate: select u1_0.id,u1_0.email,u1_0.full_name,u1_0.password,u1_0.role from users u1_0 where u1_0.id=?
Hibernate: select u1_0.id,u1_0.email,u1_0.full_name,u1_0.password,u1_0.role from users u1_0 where u1_0.id=?
Hibernate: select u1_0.id,u1_0.email,u1_0.full_name,u1_0.password,u1_0.role from users u1_0 where u1_0.id=?
Hibernate: select u1_0.id,u1_0.email,u1_0.full_name,u1_0.password,u1_0.role from users u1_0 where u1_0.email=?
Hibernate: select d1_0.id,d1_0.experience_years,d1_0.specialization,d1_0.status,d1_0.user_id from doctors d1_0
Hibernate: select u1_0.id,u1_0.email,u1_0.full_name,u1_0.password,u1_0.role from users u1_0 where u1_0.id=?
Hibernate: select u1_0.id,u1_0.email,u1_0.full_name,u1_0.password,u1_0.role from users u1_0 where u1_0.id=?
Hibernate: select u1_0.id,u1_0.email,u1_0.full_name,u1_0.password,u1_0.role from users u1_0 where u1_0.id=?
Hibernate: select u1_0.id,u1_0.email,u1_0.full_name,u1_0.password,u1_0.role from users u1_0 where u1_0.id=?
Hibernate: select u1_0.id,u1_0.email,u1_0.full_name,u1_0.password,u1_0.role from users u1_0 where u1_0.email=?
Hibernate: select count(*) from doctors d1_0
Hibernate: select count(*) from patients p1_0
Hibernate: select count(*) from appointments a1_0
Hibernate: select count(a1_0.id) from appointments a1_0 where a1_0.date_time between ? and ?
Hibernate: select u1_0.id,u1_0.email,u1_0.full_name,u1_0.password,u1_0.role from users u1_0 where u1_0.email=?
Hibernate: select count(*) from doctors d1_0
Hibernate: select count(*) from patients p1_0
Hibernate: select count(*) from appointments a1_0
Hibernate: select count(a1_0.id) from appointments a1_0 where a1_0.date_time between ? and ?
Hibernate: select u1_0.id,u1_0.email,u1_0.full_name,u1_0.password,u1_0.role from users u1_0 where u1_0.email=?
Hibernate: select d1_0.id,d1_0.experience_years,d1_0.specialization,d1_0.status,d1_0.user_id from doctors d1_0
Hibernate: select u1_0.id,u1_0.email,u1_0.full_name,u1_0.password,u1_0.role from users u1_0 where u1_0.id=?
Hibernate: select u1_0.id,u1_0.email,u1_0.full_name,u1_0.password,u1_0.role from users u1_0 where u1_0.id=?
Hibernate: select u1_0.id,u1_0.email,u1_0.full_name,u1_0.password,u1_0.role from users u1_0 where u1_0.id=?
Hibernate: select u1_0.id,u1_0.email,u1_0.full_name,u1_0.password,u1_0.role from users u1_0 where u1_0.id=?
Hibernate: select u1_0.id,u1_0.email,u1_0.full_name,u1_0.password,u1_0.role from users u1_0 where u1_0.email=?
Hibernate: select d1_0.id,d1_0.experience_years,d1_0.specialization,d1_0.status,d1_0.user_id from doctors d1_0
Hibernate: select u1_0.id,u1_0.email,u1_0.full_name,u1_0.password,u1_0.role from users u1_0 where u1_0.id=?
Hibernate: select u1_0.id,u1_0.email,u1_0.full_name,u1_0.password,u1_0.role from users u1_0 where u1_0.id=?
Hibernate: select u1_0.id,u1_0.email,u1_0.full_name,u1_0.password,u1_0.role from users u1_0 where u1_0.id=?
Hibernate: select u1_0.id,u1_0.email,u1_0.full_name,u1_0.password,u1_0.role from users u1_0 where u1_0.id=?
Hibernate: select u1_0.id,u1_0.email,u1_0.full_name,u1_0.password,u1_0.role from users u1_0 where u1_0.email=?
Hibernate: select count(*) from doctors d1_0
Hibernate: select count(*) from patients p1_0
Hibernate: select count(*) from appointments a1_0
Hibernate: select count(a1_0.id) from appointments a1_0 where a1_0.date_time between ? and ?
Hibernate: select u1_0.id,u1_0.email,u1_0.full_name,u1_0.password,u1_0.role from users u1_0 where u1_0.email=?
Hibernate: select count(*) from doctors d1_0
Hibernate: select count(*) from patients p1_0
Hibernate: select count(*) from appointments a1_0
Hibernate: select count(a1_0.id) from appointments a1_0 where a1_0.date_time between ? and ?
Hibernate: select u1_0.id,u1_0.email,u1_0.full_name,u1_0.password,u1_0.role from users u1_0 where u1_0.email=?
Hibernate: select p1_0.id,p1_0.contact_number,p1_0.dob,p1_0.gender,p1_0.user_id from patients p1_0
Hibernate: select u1_0.id,u1_0.email,u1_0.full_name,u1_0.password,u1_0.role from users u1_0 where u1_0.id=?
Hibernate: select u1_0.id,u1_0.email,u1_0.full_name,u1_0.password,u1_0.role from users u1_0 where u1_0.id=?
Hibernate: select u1_0.id,u1_0.email,u1_0.full_name,u1_0.password,u1_0.role from users u1_0 where u1_0.id=?
Hibernate: select u1_0.id,u1_0.email,u1_0.full_name,u1_0.password,u1_0.role from users u1_0 where u1_0.id=?
Hibernate: select u1_0.id,u1_0.email,u1_0.full_name,u1_0.password,u1_0.role from users u1_0 where u1_0.email=?
Hibernate: select p1_0.id,p1_0.contact_number,p1_0.dob,p1_0.gender,p1_0.user_id from patients p1_0
Hibernate: select u1_0.id,u1_0.email,u1_0.full_name,u1_0.password,u1_0.role from users u1_0 where u1_0.id=?
Hibernate: select u1_0.id,u1_0.email,u1_0.full_name,u1_0.password,u1_0.role from users u1_0 where u1_0.id=?
Hibernate: select u1_0.id,u1_0.email,u1_0.full_name,u1_0.password,u1_0.role from users u1_0 where u1_0.id=?
Hibernate: select u1_0.id,u1_0.email,u1_0.full_name,u1_0.password,u1_0.role from users u1_0 where u1_0.id=?
Hibernate: select u1_0.id,u1_0.email,u1_0.full_name,u1_0.password,u1_0.role from users u1_0 where u1_0.email=?
Hibernate: select count(*) from doctors d1_0
Hibernate: select count(*) from patients p1_0
Hibernate: select count(*) from appointments a1_0
Hibernate: select count(a1_0.id) from appointments a1_0 where a1_0.date_time between ? and ?
Hibernate: select u1_0.id,u1_0.email,u1_0.full_name,u1_0.password,u1_0.role from users u1_0 where u1_0.email=?
Hibernate: select count(*) from doctors d1_0
Hibernate: select count(*) from patients p1_0
Hibernate: select count(*) from appointments a1_0
Hibernate: select count(a1_0.id) from appointments a1_0 where a1_0.date_time between ? and ?
Hibernate: select u1_0.id,u1_0.email,u1_0.full_name,u1_0.password,u1_0.role from users u1_0 where u1_0.email=?
Hibernate: select d1_0.id,d1_0.experience_years,d1_0.specialization,d1_0.status,d1_0.user_id from doctors d1_0
Hibernate: select u1_0.id,u1_0.email,u1_0.full_name,u1_0.password,u1_0.role from users u1_0 where u1_0.id=?
Hibernate: select u1_0.id,u1_0.email,u1_0.full_name,u1_0.password,u1_0.role from users u1_0 where u1_0.id=?
Hibernate: select u1_0.id,u1_0.email,u1_0.full_name,u1_0.password,u1_0.role from users u1_0 where u1_0.id=?
Hibernate: select u1_0.id,u1_0.email,u1_0.full_name,u1_0.password,u1_0.role from users u1_0 where u1_0.id=?
Hibernate: select u1_0.id,u1_0.email,u1_0.full_name,u1_0.password,u1_0.role from users u1_0 where u1_0.email=?
Hibernate: select d1_0.id,d1_0.experience_years,d1_0.specialization,d1_0.status,d1_0.user_id from doctors d1_0
Hibernate: select u1_0.id,u1_0.email,u1_0.full_name,u1_0.password,u1_0.role from users u1_0 where u1_0.id=?
Hibernate: select u1_0.id,u1_0.email,u1_0.full_name,u1_0.password,u1_0.role from users u1_0 where u1_0.id=?
Hibernate: select u1_0.id,u1_0.email,u1_0.full_name,u1_0.password,u1_0.role from users u1_0 where u1_0.id=?
Hibernate: select u1_0.id,u1_0.email,u1_0.full_name,u1_0.password,u1_0.role from users u1_0 where u1_0.id=?
Hibernate: select u1_0.id,u1_0.email,u1_0.full_name,u1_0.password,u1_0.role from users u1_0 where u1_0.email=?
Hibernate: select count(*) from doctors d1_0
Hibernate: select count(*) from patients p1_0
Hibernate: select count(*) from appointments a1_0
Hibernate: select count(a1_0.id) from appointments a1_0 where a1_0.date_time between ? and ?
Hibernate: select u1_0.id,u1_0.email,u1_0.full_name,u1_0.password,u1_0.role from users u1_0 where u1_0.email=?
Hibernate: select count(*) from doctors d1_0
Hibernate: select count(*) from patients p1_0
Hibernate: select count(*) from appointments a1_0
Hibernate: select count(a1_0.id) from appointments a1_0 where a1_0.date_time between ? and ?
Hibernate: select u1_0.id,u1_0.email,u1_0.full_name,u1_0.password,u1_0.role from users u1_0 where u1_0.email=?
Hibernate: select p1_0.id,p1_0.contact_number,p1_0.dob,p1_0.gender,p1_0.user_id from patients p1_0
Hibernate: select u1_0.id,u1_0.email,u1_0.full_name,u1_0.password,u1_0.role from users u1_0 where u1_0.id=?
Hibernate: select u1_0.id,u1_0.email,u1_0.full_name,u1_0.password,u1_0.role from users u1_0 where u1_0.id=?
Hibernate: select u1_0.id,u1_0.email,u1_0.full_name,u1_0.password,u1_0.role from users u1_0 where u1_0.id=?
Hibernate: select u1_0.id,u1_0.email,u1_0.full_name,u1_0.password,u1_0.role from users u1_0 where u1_0.id=?
Hibernate: select u1_0.id,u1_0.email,u1_0.full_name,u1_0.password,u1_0.role from users u1_0 where u1_0.email=?
Hibernate: select p1_0.id,p1_0.contact_number,p1_0.dob,p1_0.gender,p1_0.user_id from patients p1_0
Hibernate: select u1_0.id,u1_0.email,u1_0.full_name,u1_0.password,u1_0.role from users u1_0 where u1_0.id=?
Hibernate: select u1_0.id,u1_0.email,u1_0.full_name,u1_0.password,u1_0.role from users u1_0 where u1_0.id=?
Hibernate: select u1_0.id,u1_0.email,u1_0.full_name,u1_0.password,u1_0.role from users u1_0 where u1_0.id=?
Hibernate: select u1_0.id,u1_0.email,u1_0.full_name,u1_0.password,u1_0.role from users u1_0 where u1_0.id=?
Hibernate: select u1_0.id,u1_0.email,u1_0.full_name,u1_0.password,u1_0.role from users u1_0 where u1_0.email=?
Hibernate: select count(*) from doctors d1_0
Hibernate: select count(*) from patients p1_0
Hibernate: select count(*) from appointments a1_0
Hibernate: select count(a1_0.id) from appointments a1_0 where a1_0.date_time between ? and ?
Hibernate: select u1_0.id,u1_0.email,u1_0.full_name,u1_0.password,u1_0.role from users u1_0 where u1_0.email=?
Hibernate: select count(*) from doctors d1_0
Hibernate: select count(*) from patients p1_0
Hibernate: select count(*) from appointments a1_0
Hibernate: select count(a1_0.id) from appointments a1_0 where a1_0.date_time between ? and ?
Hibernate: select u1_0.id,u1_0.email,u1_0.full_name,u1_0.password,u1_0.role from users u1_0 where u1_0.email=?
Hibernate: select d1_0.id,d1_0.experience_years,d1_0.specialization,d1_0.status,d1_0.user_id from doctors d1_0
Hibernate: select u1_0.id,u1_0.email,u1_0.full_name,u1_0.password,u1_0.role from users u1_0 where u1_0.id=?
Hibernate: select u1_0.id,u1_0.email,u1_0.full_name,u1_0.password,u1_0.role from users u1_0 where u1_0.id=?
Hibernate: select u1_0.id,u1_0.email,u1_0.full_name,u1_0.password,u1_0.role from users u1_0 where u1_0.id=?
Hibernate: select u1_0.id,u1_0.email,u1_0.full_name,u1_0.password,u1_0.role from users u1_0 where u1_0.id=?
Hibernate: select u1_0.id,u1_0.email,u1_0.full_name,u1_0.password,u1_0.role from users u1_0 where u1_0.email=?
Hibernate: select d1_0.id,d1_0.experience_years,d1_0.specialization,d1_0.status,d1_0.user_id from doctors d1_0
Hibernate: select u1_0.id,u1_0.email,u1_0.full_name,u1_0.password,u1_0.role from users u1_0 where u1_0.id=?
Hibernate: select u1_0.id,u1_0.email,u1_0.full_name,u1_0.password,u1_0.role from users u1_0 where u1_0.id=?
Hibernate: select u1_0.id,u1_0.email,u1_0.full_name,u1_0.password,u1_0.role from users u1_0 where u1_0.id=?
Hibernate: select u1_0.id,u1_0.email,u1_0.full_name,u1_0.password,u1_0.role from users u1_0 where u1_0.id=?
Hibernate: select u1_0.id,u1_0.email,u1_0.full_name,u1_0.password,u1_0.role from users u1_0 where u1_0.email=?
Hibernate: select count(*) from doctors d1_0
Hibernate: select count(*) from patients p1_0
Hibernate: select count(*) from appointments a1_0
Hibernate: select count(a1_0.id) from appointments a1_0 where a1_0.date_time between ? and ?
Hibernate: select u1_0.id,u1_0.email,u1_0.full_name,u1_0.password,u1_0.role from users u1_0 where u1_0.email=?
Hibernate: select count(*) from doctors d1_0
Hibernate: select count(*) from patients p1_0
Hibernate: select count(*) from appointments a1_0
Hibernate: select count(a1_0.id) from appointments a1_0 where a1_0.date_time between ? and ?
Hibernate: select u1_0.id,u1_0.email,u1_0.full_name,u1_0.password,u1_0.role from users u1_0 where u1_0.email=?
Hibernate: select u1_0.id,u1_0.email,u1_0.full_name,u1_0.password,u1_0.role from users u1_0 where u1_0.email=?
Hibernate: select u1_0.id,u1_0.email,u1_0.full_name,u1_0.password,u1_0.role from users u1_0 where u1_0.email=?
Hibernate: select u1_0.id,u1_0.email,u1_0.full_name,u1_0.password,u1_0.role from users u1_0 where u1_0.email=?
Hibernate: select u1_0.id,u1_0.email,u1_0.full_name,u1_0.password,u1_0.role from users u1_0 where u1_0.email=?
Hibernate: select u1_0.id,u1_0.email,u1_0.full_name,u1_0.password,u1_0.role from users u1_0 where u1_0.email=?
Hibernate: select u1_0.id,u1_0.email,u1_0.full_name,u1_0.password,u1_0.role from users u1_0 where u1_0.email=?
Hibernate: select p1_0.id,p1_0.contact_number,p1_0.dob,p1_0.gender,p1_0.user_id from patients p1_0 where p1_0.user_id=?
Hibernate: select a1_0.id,a1_0.date_time,a1_0.doctor_id,a1_0.notes,a1_0.patient_id,a1_0.status from appointments a1_0 where a1_0.patient_id=?
Hibernate: select u1_0.id,u1_0.email,u1_0.full_name,u1_0.password,u1_0.role from users u1_0 where u1_0.email=?
Hibernate: select u1_0.id,u1_0.email,u1_0.full_name,u1_0.password,u1_0.role from users u1_0 where u1_0.email=?
Hibernate: select p1_0.id,p1_0.contact_number,p1_0.dob,p1_0.gender,p1_0.user_id from patients p1_0 where p1_0.user_id=?
Hibernate: select a1_0.id,a1_0.date_time,a1_0.doctor_id,a1_0.notes,a1_0.patient_id,a1_0.status from appointments a1_0 where a1_0.patient_id=?
Hibernate: select u1_0.id,u1_0.email,u1_0.full_name,u1_0.password,u1_0.role from users u1_0 where u1_0.email=?
Hibernate: select d1_0.id,d1_0.experience_years,d1_0.specialization,d1_0.status,d1_0.user_id from doctors d1_0
Hibernate: select u1_0.id,u1_0.email,u1_0.full_name,u1_0.password,u1_0.role from users u1_0 where u1_0.id=?
Hibernate: select u1_0.id,u1_0.email,u1_0.full_name,u1_0.password,u1_0.role from users u1_0 where u1_0.id=?
Hibernate: select u1_0.id,u1_0.email,u1_0.full_name,u1_0.password,u1_0.role from users u1_0 where u1_0.id=?
Hibernate: select u1_0.id,u1_0.email,u1_0.full_name,u1_0.password,u1_0.role from users u1_0 where u1_0.id=?
Hibernate: select u1_0.id,u1_0.email,u1_0.full_name,u1_0.password,u1_0.role from users u1_0 where u1_0.email=?
Hibernate: select d1_0.id,d1_0.experience_years,d1_0.specialization,d1_0.status,d1_0.user_id from doctors d1_0
Hibernate: select u1_0.id,u1_0.email,u1_0.full_name,u1_0.password,u1_0.role from users u1_0 where u1_0.id=?
Hibernate: select u1_0.id,u1_0.email,u1_0.full_name,u1_0.password,u1_0.role from users u1_0 where u1_0.id=?
Hibernate: select u1_0.id,u1_0.email,u1_0.full_name,u1_0.password,u1_0.role from users u1_0 where u1_0.id=?
Hibernate: select u1_0.id,u1_0.email,u1_0.full_name,u1_0.password,u1_0.role from users u1_0 where u1_0.id=?
Hibernate: select u1_0.id,u1_0.email,u1_0.full_name,u1_0.password,u1_0.role from users u1_0 where u1_0.email=?
Hibernate: select u1_0.id,u1_0.email,u1_0.full_name,u1_0.password,u1_0.role from users u1_0 where u1_0.email=?
Hibernate: select p1_0.id,p1_0.contact_number,p1_0.dob,p1_0.gender,p1_0.user_id from patients p1_0 where p1_0.user_id=?
Hibernate: select d1_0.id,d1_0.experience_years,d1_0.specialization,d1_0.status,d1_0.user_id from doctors d1_0 where d1_0.specialization=? and d1_0.status=?
Hibernate: select u1_0.id,u1_0.email,u1_0.full_name,u1_0.password,u1_0.role from users u1_0 where u1_0.id=?
Hibernate: insert into appointments (date_time,doctor_id,notes,patient_id,status) values (?,?,?,?,?)
Hibernate: select u1_0.id,u1_0.email,u1_0.full_name,u1_0.password,u1_0.role from users u1_0 where u1_0.email=?
Hibernate: select u1_0.id,u1_0.email,u1_0.full_name,u1_0.password,u1_0.role from users u1_0 where u1_0.email=?
Hibernate: select p1_0.id,p1_0.contact_number,p1_0.dob,p1_0.gender,p1_0.user_id from patients p1_0 where p1_0.user_id=?
Hibernate: select a1_0.id,a1_0.date_time,a1_0.doctor_id,a1_0.notes,a1_0.patient_id,a1_0.status from appointments a1_0 where a1_0.patient_id=?
Hibernate: select d1_0.id,d1_0.experience_years,d1_0.specialization,d1_0.status,u1_0.id,u1_0.email,u1_0.full_name,u1_0.password,u1_0.role from doctors d1_0 left join users u1_0 on u1_0.id=d1_0.user_id where d1_0.id=?
Hibernate: select u1_0.id,u1_0.email,u1_0.full_name,u1_0.password,u1_0.role from users u1_0 where u1_0.email=?
Hibernate: select u1_0.id,u1_0.email,u1_0.full_name,u1_0.password,u1_0.role from users u1_0 where u1_0.email=?
Hibernate: select p1_0.id,p1_0.contact_number,p1_0.dob,p1_0.gender,p1_0.user_id from patients p1_0 where p1_0.user_id=?
Hibernate: select a1_0.id,a1_0.date_time,a1_0.doctor_id,a1_0.notes,a1_0.patient_id,a1_0.status from appointments a1_0 where a1_0.patient_id=?
Hibernate: select d1_0.id,d1_0.experience_years,d1_0.specialization,d1_0.status,u1_0.id,u1_0.email,u1_0.full_name,u1_0.password,u1_0.role from doctors d1_0 left join users u1_0 on u1_0.id=d1_0.user_id where d1_0.id=?
Hibernate: select u1_0.id,u1_0.email,u1_0.full_name,u1_0.password,u1_0.role from users u1_0 where u1_0.email=?
Hibernate: select u1_0.id,u1_0.email,u1_0.full_name,u1_0.password,u1_0.role from users u1_0 where u1_0.email=?
Hibernate: select p1_0.id,p1_0.contact_number,p1_0.dob,p1_0.gender,p1_0.user_id from patients p1_0 where p1_0.user_id=?
Hibernate: select a1_0.id,a1_0.date_time,a1_0.doctor_id,a1_0.notes,a1_0.patient_id,a1_0.status from appointments a1_0 where a1_0.patient_id=?
Hibernate: select d1_0.id,d1_0.experience_years,d1_0.specialization,d1_0.status,u1_0.id,u1_0.email,u1_0.full_name,u1_0.password,u1_0.role from doctors d1_0 left join users u1_0 on u1_0.id=d1_0.user_id where d1_0.id=?
Hibernate: select u1_0.id,u1_0.email,u1_0.full_name,u1_0.password,u1_0.role from users u1_0 where u1_0.email=?
Hibernate: select u1_0.id,u1_0.email,u1_0.full_name,u1_0.password,u1_0.role from users u1_0 where u1_0.email=?
Hibernate: select p1_0.id,p1_0.contact_number,p1_0.dob,p1_0.gender,p1_0.user_id from patients p1_0 where p1_0.user_id=?
Hibernate: select a1_0.id,a1_0.date_time,a1_0.doctor_id,a1_0.notes,a1_0.patient_id,a1_0.status from appointments a1_0 where a1_0.patient_id=?
Hibernate: select d1_0.id,d1_0.experience_years,d1_0.specialization,d1_0.status,u1_0.id,u1_0.email,u1_0.full_name,u1_0.password,u1_0.role from doctors d1_0 left join users u1_0 on u1_0.id=d1_0.user_id where d1_0.id=?
Hibernate: select u1_0.id,u1_0.email,u1_0.full_name,u1_0.password,u1_0.role from users u1_0 where u1_0.email=?
Hibernate: select u1_0.id,u1_0.email,u1_0.full_name,u1_0.password,u1_0.role from users u1_0 where u1_0.email=?
Hibernate: select p1_0.id,p1_0.contact_number,p1_0.dob,p1_0.gender,p1_0.user_id from patients p1_0 where p1_0.user_id=?
Hibernate: select a1_0.id,a1_0.date_time,a1_0.doctor_id,a1_0.notes,a1_0.patient_id,a1_0.status from appointments a1_0 where a1_0.patient_id=?
Hibernate: select d1_0.id,d1_0.experience_years,d1_0.specialization,d1_0.status,u1_0.id,u1_0.email,u1_0.full_name,u1_0.password,u1_0.role from doctors d1_0 left join users u1_0 on u1_0.id=d1_0.user_id where d1_0.id=?
Hibernate: select u1_0.id,u1_0.email,u1_0.full_name,u1_0.password,u1_0.role from users u1_0 where u1_0.email=?
Hibernate: select u1_0.id,u1_0.email,u1_0.full_name,u1_0.password,u1_0.role from users u1_0 where u1_0.email=?
Hibernate: select p1_0.id,p1_0.contact_number,p1_0.dob,p1_0.gender,p1_0.user_id from patients p1_0 where p1_0.user_id=?
Hibernate: select a1_0.id,a1_0.date_time,a1_0.doctor_id,a1_0.notes,a1_0.patient_id,a1_0.status from appointments a1_0 where a1_0.patient_id=?
Hibernate: select d1_0.id,d1_0.experience_years,d1_0.specialization,d1_0.status,u1_0.id,u1_0.email,u1_0.full_name,u1_0.password,u1_0.role from doctors d1_0 left join users u1_0 on u1_0.id=d1_0.user_id where d1_0.id=?
Hibernate: select u1_0.id,u1_0.email,u1_0.full_name,u1_0.password,u1_0.role from users u1_0 where u1_0.email=?
Hibernate: select u1_0.id,u1_0.email,u1_0.full_name,u1_0.password,u1_0.role from users u1_0 where u1_0.email=?
Hibernate: select p1_0.id,p1_0.contact_number,p1_0.dob,p1_0.gender,p1_0.user_id from patients p1_0 where p1_0.user_id=?
Hibernate: select a1_0.id,a1_0.date_time,a1_0.doctor_id,a1_0.notes,a1_0.patient_id,a1_0.status from appointments a1_0 where a1_0.patient_id=?
Hibernate: select d1_0.id,d1_0.experience_years,d1_0.specialization,d1_0.status,u1_0.id,u1_0.email,u1_0.full_name,u1_0.password,u1_0.role from doctors d1_0 left join users u1_0 on u1_0.id=d1_0.user_id where d1_0.id=?
Hibernate: select u1_0.id,u1_0.email,u1_0.full_name,u1_0.password,u1_0.role from users u1_0 where u1_0.email=?
Hibernate: select u1_0.id,u1_0.email,u1_0.full_name,u1_0.password,u1_0.role from users u1_0 where u1_0.email=?
Hibernate: select p1_0.id,p1_0.contact_number,p1_0.dob,p1_0.gender,p1_0.user_id from patients p1_0 where p1_0.user_id=?
Hibernate: select a1_0.id,a1_0.date_time,a1_0.doctor_id,a1_0.notes,a1_0.patient_id,a1_0.status from appointments a1_0 where a1_0.patient_id=?
Hibernate: select d1_0.id,d1_0.experience_years,d1_0.specialization,d1_0.status,u1_0.id,u1_0.email,u1_0.full_name,u1_0.password,u1_0.role from doctors d1_0 left join users u1_0 on u1_0.id=d1_0.user_id where d1_0.id=?
Hibernate: select u1_0.id,u1_0.email,u1_0.full_name,u1_0.password,u1_0.role from users u1_0 where u1_0.email=?
Hibernate: select u1_0.id,u1_0.email,u1_0.full_name,u1_0.password,u1_0.role from users u1_0 where u1_0.email=?
Hibernate: select p1_0.id,p1_0.contact_number,p1_0.dob,p1_0.gender,p1_0.user_id from patients p1_0 where p1_0.user_id=?
Hibernate: select a1_0.id,a1_0.date_time,a1_0.doctor_id,a1_0.notes,a1_0.patient_id,a1_0.status from appointments a1_0 where a1_0.patient_id=?
Hibernate: select d1_0.id,d1_0.experience_years,d1_0.specialization,d1_0.status,u1_0.id,u1_0.email,u1_0.full_name,u1_0.password,u1_0.role from doctors d1_0 left join users u1_0 on u1_0.id=d1_0.user_id where d1_0.id=?
Hibernate: select u1_0.id,u1_0.email,u1_0.full_name,u1_0.password,u1_0.role from users u1_0 where u1_0.email=?
Hibernate: select u1_0.id,u1_0.email,u1_0.full_name,u1_0.password,u1_0.role from users u1_0 where u1_0.email=?
Hibernate: select p1_0.id,p1_0.contact_number,p1_0.dob,p1_0.gender,p1_0.user_id from patients p1_0 where p1_0.user_id=?
Hibernate: select a1_0.id,a1_0.date_time,a1_0.doctor_id,a1_0.notes,a1_0.patient_id,a1_0.status from appointments a1_0 where a1_0.patient_id=?
Hibernate: select d1_0.id,d1_0.experience_years,d1_0.specialization,d1_0.status,u1_0.id,u1_0.email,u1_0.full_name,u1_0.password,u1_0.role from doctors d1_0 left join users u1_0 on u1_0.id=d1_0.user_id where d1_0.id=?
Hibernate: select u1_0.id,u1_0.email,u1_0.full_name,u1_0.password,u1_0.role from users u1_0 where u1_0.email=?
Hibernate: select d1_0.id,d1_0.experience_years,d1_0.specialization,d1_0.status,d1_0.user_id from doctors d1_0
Hibernate: select u1_0.id,u1_0.email,u1_0.full_name,u1_0.password,u1_0.role from users u1_0 where u1_0.id=?
Hibernate: select u1_0.id,u1_0.email,u1_0.full_name,u1_0.password,u1_0.role from users u1_0 where u1_0.id=?
Hibernate: select u1_0.id,u1_0.email,u1_0.full_name,u1_0.password,u1_0.role from users u1_0 where u1_0.id=?
Hibernate: select u1_0.id,u1_0.email,u1_0.full_name,u1_0.password,u1_0.role from users u1_0 where u1_0.id=?
Hibernate: select u1_0.id,u1_0.email,u1_0.full_name,u1_0.password,u1_0.role from users u1_0 where u1_0.email=?
Hibernate: select d1_0.id,d1_0.experience_years,d1_0.specialization,d1_0.status,d1_0.user_id from doctors d1_0
Hibernate: select u1_0.id,u1_0.email,u1_0.full_name,u1_0.password,u1_0.role from users u1_0 where u1_0.id=?
Hibernate: select u1_0.id,u1_0.email,u1_0.full_name,u1_0.password,u1_0.role from users u1_0 where u1_0.id=?
Hibernate: select u1_0.id,u1_0.email,u1_0.full_name,u1_0.password,u1_0.role from users u1_0 where u1_0.id=?
Hibernate: select u1_0.id,u1_0.email,u1_0.full_name,u1_0.password,u1_0.role from users u1_0 where u1_0.id=?
Hibernate: select u1_0.id,u1_0.email,u1_0.full_name,u1_0.password,u1_0.role from users u1_0 where u1_0.email=?
Hibernate: select u1_0.id,u1_0.email,u1_0.full_name,u1_0.password,u1_0.role from users u1_0 where u1_0.email=?
Hibernate: select p1_0.id,p1_0.contact_number,p1_0.dob,p1_0.gender,p1_0.user_id from patients p1_0 where p1_0.user_id=?
Hibernate: select d1_0.id,d1_0.experience_years,d1_0.specialization,d1_0.status,d1_0.user_id from doctors d1_0 where d1_0.specialization=? and d1_0.status=?
Hibernate: select u1_0.id,u1_0.email,u1_0.full_name,u1_0.password,u1_0.role from users u1_0 where u1_0.id=?
Hibernate: insert into appointments (date_time,doctor_id,notes,patient_id,status) values (?,?,?,?,?)
Hibernate: select u1_0.id,u1_0.email,u1_0.full_name,u1_0.password,u1_0.role from users u1_0 where u1_0.email=?
Hibernate: select u1_0.id,u1_0.email,u1_0.full_name,u1_0.password,u1_0.role from users u1_0 where u1_0.email=?
Hibernate: select p1_0.id,p1_0.contact_number,p1_0.dob,p1_0.gender,p1_0.user_id from patients p1_0 where p1_0.user_id=?
Hibernate: select a1_0.id,a1_0.date_time,a1_0.doctor_id,a1_0.notes,a1_0.patient_id,a1_0.status from appointments a1_0 where a1_0.patient_id=?
Hibernate: select d1_0.id,d1_0.experience_years,d1_0.specialization,d1_0.status,u1_0.id,u1_0.email,u1_0.full_name,u1_0.password,u1_0.role from doctors d1_0 left join users u1_0 on u1_0.id=d1_0.user_id where d1_0.id=?
Hibernate: select d1_0.id,d1_0.experience_years,d1_0.specialization,d1_0.status,u1_0.id,u1_0.email,u1_0.full_name,u1_0.password,u1_0.role from doctors d1_0 left join users u1_0 on u1_0.id=d1_0.user_id where d1_0.id=?
Hibernate: select u1_0.id,u1_0.email,u1_0.full_name,u1_0.password,u1_0.role from users u1_0 where u1_0.email=?
Hibernate: select u1_0.id,u1_0.email,u1_0.full_name,u1_0.password,u1_0.role from users u1_0 where u1_0.email=?
Hibernate: select p1_0.id,p1_0.contact_number,p1_0.dob,p1_0.gender,p1_0.user_id from patients p1_0 where p1_0.user_id=?
Hibernate: select a1_0.id,a1_0.date_time,a1_0.doctor_id,a1_0.notes,a1_0.patient_id,a1_0.status from appointments a1_0 where a1_0.patient_id=?
Hibernate: select d1_0.id,d1_0.experience_years,d1_0.specialization,d1_0.status,u1_0.id,u1_0.email,u1_0.full_name,u1_0.password,u1_0.role from doctors d1_0 left join users u1_0 on u1_0.id=d1_0.user_id where d1_0.id=?
Hibernate: select d1_0.id,d1_0.experience_years,d1_0.specialization,d1_0.status,u1_0.id,u1_0.email,u1_0.full_name,u1_0.password,u1_0.role from doctors d1_0 left join users u1_0 on u1_0.id=d1_0.user_id where d1_0.id=?
Hibernate: select u1_0.id,u1_0.email,u1_0.full_name,u1_0.password,u1_0.role from users u1_0 where u1_0.email=?
Hibernate: select d1_0.id,d1_0.experience_years,d1_0.specialization,d1_0.status,d1_0.user_id from doctors d1_0
Hibernate: select u1_0.id,u1_0.email,u1_0.full_name,u1_0.password,u1_0.role from users u1_0 where u1_0.id=?
Hibernate: select u1_0.id,u1_0.email,u1_0.full_name,u1_0.password,u1_0.role from users u1_0 where u1_0.id=?
Hibernate: select u1_0.id,u1_0.email,u1_0.full_name,u1_0.password,u1_0.role from users u1_0 where u1_0.id=?
Hibernate: select u1_0.id,u1_0.email,u1_0.full_name,u1_0.password,u1_0.role from users u1_0 where u1_0.id=?
Hibernate: select u1_0.id,u1_0.email,u1_0.full_name,u1_0.password,u1_0.role from users u1_0 where u1_0.email=?
Hibernate: select d1_0.id,d1_0.experience_years,d1_0.specialization,d1_0.status,d1_0.user_id from doctors d1_0
Hibernate: select u1_0.id,u1_0.email,u1_0.full_name,u1_0.password,u1_0.role from users u1_0 where u1_0.id=?
Hibernate: select u1_0.id,u1_0.email,u1_0.full_name,u1_0.password,u1_0.role from users u1_0 where u1_0.id=?
Hibernate: select u1_0.id,u1_0.email,u1_0.full_name,u1_0.password,u1_0.role from users u1_0 where u1_0.id=?
Hibernate: select u1_0.id,u1_0.email,u1_0.full_name,u1_0.password,u1_0.role from users u1_0 where u1_0.id=?
Hibernate: select u1_0.id,u1_0.email,u1_0.full_name,u1_0.password,u1_0.role from users u1_0 where u1_0.email=?
Hibernate: select u1_0.id,u1_0.email,u1_0.full_name,u1_0.password,u1_0.role from users u1_0 where u1_0.email=?
Hibernate: select p1_0.id,p1_0.contact_number,p1_0.dob,p1_0.gender,p1_0.user_id from patients p1_0 where p1_0.user_id=?
Hibernate: select d1_0.id,d1_0.experience_years,d1_0.specialization,d1_0.status,d1_0.user_id from doctors d1_0 where d1_0.specialization=? and d1_0.status=?
Hibernate: select u1_0.id,u1_0.email,u1_0.full_name,u1_0.password,u1_0.role from users u1_0 where u1_0.id=?
Hibernate: insert into appointments (date_time,doctor_id,notes,patient_id,status) values (?,?,?,?,?)
Hibernate: select u1_0.id,u1_0.email,u1_0.full_name,u1_0.password,u1_0.role from users u1_0 where u1_0.email=?
Hibernate: select u1_0.id,u1_0.email,u1_0.full_name,u1_0.password,u1_0.role from users u1_0 where u1_0.email=?
Hibernate: select p1_0.id,p1_0.contact_number,p1_0.dob,p1_0.gender,p1_0.user_id from patients p1_0 where p1_0.user_id=?
Hibernate: select a1_0.id,a1_0.date_time,a1_0.doctor_id,a1_0.notes,a1_0.patient_id,a1_0.status from appointments a1_0 where a1_0.patient_id=?
Hibernate: select d1_0.id,d1_0.experience_years,d1_0.specialization,d1_0.status,u1_0.id,u1_0.email,u1_0.full_name,u1_0.password,u1_0.role from doctors d1_0 left join users u1_0 on u1_0.id=d1_0.user_id where d1_0.id=?
Hibernate: select d1_0.id,d1_0.experience_years,d1_0.specialization,d1_0.status,u1_0.id,u1_0.email,u1_0.full_name,u1_0.password,u1_0.role from doctors d1_0 left join users u1_0 on u1_0.id=d1_0.user_id where d1_0.id=?
Hibernate: select u1_0.id,u1_0.email,u1_0.full_name,u1_0.password,u1_0.role from users u1_0 where u1_0.email=?
Hibernate: select u1_0.id,u1_0.email,u1_0.full_name,u1_0.password,u1_0.role from users u1_0 where u1_0.email=?
Hibernate: select p1_0.id,p1_0.contact_number,p1_0.dob,p1_0.gender,p1_0.user_id from patients p1_0 where p1_0.user_id=?
Hibernate: select a1_0.id,a1_0.date_time,a1_0.doctor_id,a1_0.notes,a1_0.patient_id,a1_0.status from appointments a1_0 where a1_0.patient_id=?
Hibernate: select d1_0.id,d1_0.experience_years,d1_0.specialization,d1_0.status,u1_0.id,u1_0.email,u1_0.full_name,u1_0.password,u1_0.role from doctors d1_0 left join users u1_0 on u1_0.id=d1_0.user_id where d1_0.id=?
Hibernate: select d1_0.id,d1_0.experience_years,d1_0.specialization,d1_0.status,u1_0.id,u1_0.email,u1_0.full_name,u1_0.password,u1_0.role from doctors d1_0 left join users u1_0 on u1_0.id=d1_0.user_id where d1_0.id=?
Hibernate: select u1_0.id,u1_0.email,u1_0.full_name,u1_0.password,u1_0.role from users u1_0 where u1_0.email=?
Hibernate: select d1_0.id,d1_0.experience_years,d1_0.specialization,d1_0.status,d1_0.user_id from doctors d1_0
Hibernate: select u1_0.id,u1_0.email,u1_0.full_name,u1_0.password,u1_0.role from users u1_0 where u1_0.id=?
Hibernate: select u1_0.id,u1_0.email,u1_0.full_name,u1_0.password,u1_0.role from users u1_0 where u1_0.id=?
Hibernate: select u1_0.id,u1_0.email,u1_0.full_name,u1_0.password,u1_0.role from users u1_0 where u1_0.id=?
Hibernate: select u1_0.id,u1_0.email,u1_0.full_name,u1_0.password,u1_0.role from users u1_0 where u1_0.id=?
Hibernate: select u1_0.id,u1_0.email,u1_0.full_name,u1_0.password,u1_0.role from users u1_0 where u1_0.email=?
Hibernate: select d1_0.id,d1_0.experience_years,d1_0.specialization,d1_0.status,d1_0.user_id from doctors d1_0
Hibernate: select u1_0.id,u1_0.email,u1_0.full_name,u1_0.password,u1_0.role from users u1_0 where u1_0.id=?
Hibernate: select u1_0.id,u1_0.email,u1_0.full_name,u1_0.password,u1_0.role from users u1_0 where u1_0.id=?
Hibernate: select u1_0.id,u1_0.email,u1_0.full_name,u1_0.password,u1_0.role from users u1_0 where u1_0.id=?
Hibernate: select u1_0.id,u1_0.email,u1_0.full_name,u1_0.password,u1_0.role from users u1_0 where u1_0.id=?
Hibernate: select u1_0.id,u1_0.email,u1_0.full_name,u1_0.password,u1_0.role from users u1_0 where u1_0.email=?
Hibernate: select u1_0.id,u1_0.email,u1_0.full_name,u1_0.password,u1_0.role from users u1_0 where u1_0.email=?
Hibernate: select p1_0.id,p1_0.contact_number,p1_0.dob,p1_0.gender,p1_0.user_id from patients p1_0 where p1_0.user_id=?
Hibernate: select d1_0.id,d1_0.experience_years,d1_0.specialization,d1_0.status,d1_0.user_id from doctors d1_0 where d1_0.specialization=? and d1_0.status=?
Hibernate: select u1_0.id,u1_0.email,u1_0.full_name,u1_0.password,u1_0.role from users u1_0 where u1_0.id=?
Hibernate: insert into appointments (date_time,doctor_id,notes,patient_id,status) values (?,?,?,?,?)
Hibernate: select u1_0.id,u1_0.email,u1_0.full_name,u1_0.password,u1_0.role from users u1_0 where u1_0.email=?
Hibernate: select u1_0.id,u1_0.email,u1_0.full_name,u1_0.password,u1_0.role from users u1_0 where u1_0.email=?
Hibernate: select p1_0.id,p1_0.contact_number,p1_0.dob,p1_0.gender,p1_0.user_id from patients p1_0 where p1_0.user_id=?
Hibernate: select a1_0.id,a1_0.date_time,a1_0.doctor_id,a1_0.notes,a1_0.patient_id,a1_0.status from appointments a1_0 where a1_0.patient_id=?
Hibernate: select d1_0.id,d1_0.experience_years,d1_0.specialization,d1_0.status,u1_0.id,u1_0.email,u1_0.full_name,u1_0.password,u1_0.role from doctors d1_0 left join users u1_0 on u1_0.id=d1_0.user_id where d1_0.id=?
Hibernate: select d1_0.id,d1_0.experience_years,d1_0.specialization,d1_0.status,u1_0.id,u1_0.email,u1_0.full_name,u1_0.password,u1_0.role from doctors d1_0 left join users u1_0 on u1_0.id=d1_0.user_id where d1_0.id=?
Hibernate: select u1_0.id,u1_0.email,u1_0.full_name,u1_0.password,u1_0.role from users u1_0 where u1_0.email=?
Hibernate: select u1_0.id,u1_0.email,u1_0.full_name,u1_0.password,u1_0.role from users u1_0 where u1_0.email=?
Hibernate: select p1_0.id,p1_0.contact_number,p1_0.dob,p1_0.gender,p1_0.user_id from patients p1_0 where p1_0.user_id=?
Hibernate: select a1_0.id,a1_0.date_time,a1_0.doctor_id,a1_0.notes,a1_0.patient_id,a1_0.status from appointments a1_0 where a1_0.patient_id=?
Hibernate: select d1_0.id,d1_0.experience_years,d1_0.specialization,d1_0.status,u1_0.id,u1_0.email,u1_0.full_name,u1_0.password,u1_0.role from doctors d1_0 left join users u1_0 on u1_0.id=d1_0.user_id where d1_0.id=?
Hibernate: select d1_0.id,d1_0.experience_years,d1_0.specialization,d1_0.status,u1_0.id,u1_0.email,u1_0.full_name,u1_0.password,u1_0.role from doctors d1_0 left join users u1_0 on u1_0.id=d1_0.user_id where d1_0.id=?
Hibernate: select u1_0.id,u1_0.email,u1_0.full_name,u1_0.password,u1_0.role from users u1_0 where u1_0.email=?
Hibernate: select u1_0.id,u1_0.email,u1_0.full_name,u1_0.password,u1_0.role from users u1_0 where u1_0.email=?
Hibernate: select u1_0.id,u1_0.email,u1_0.full_name,u1_0.password,u1_0.role from users u1_0 where u1_0.email=?
Hibernate: select u1_0.id,u1_0.email,u1_0.full_name,u1_0.password,u1_0.role from users u1_0 where u1_0.email=?
Hibernate: select d1_0.id,d1_0.experience_years,d1_0.specialization,d1_0.status,d1_0.user_id from doctors d1_0 where d1_0.user_id=?
Hibernate: select a1_0.id,a1_0.date_time,a1_0.doctor_id,a1_0.notes,a1_0.patient_id,a1_0.status from appointments a1_0 where a1_0.doctor_id=?
Hibernate: select p1_0.id,p1_0.contact_number,p1_0.dob,p1_0.gender,u1_0.id,u1_0.email,u1_0.full_name,u1_0.password,u1_0.role from patients p1_0 left join users u1_0 on u1_0.id=p1_0.user_id where p1_0.id=?
Hibernate: select p1_0.id,p1_0.contact_number,p1_0.dob,p1_0.gender,u1_0.id,u1_0.email,u1_0.full_name,u1_0.password,u1_0.role from patients p1_0 left join users u1_0 on u1_0.id=p1_0.user_id where p1_0.id=?
Hibernate: select u1_0.id,u1_0.email,u1_0.full_name,u1_0.password,u1_0.role from users u1_0 where u1_0.email=?
Hibernate: select u1_0.id,u1_0.email,u1_0.full_name,u1_0.password,u1_0.role from users u1_0 where u1_0.email=?
Hibernate: select d1_0.id,d1_0.experience_years,d1_0.specialization,d1_0.status,d1_0.user_id from doctors d1_0 where d1_0.user_id=?
Hibernate: select a1_0.id,a1_0.date_time,a1_0.doctor_id,a1_0.notes,a1_0.patient_id,a1_0.status from appointments a1_0 where a1_0.doctor_id=?
Hibernate: select p1_0.id,p1_0.contact_number,p1_0.dob,p1_0.gender,u1_0.id,u1_0.email,u1_0.full_name,u1_0.password,u1_0.role from patients p1_0 left join users u1_0 on u1_0.id=p1_0.user_id where p1_0.id=?
Hibernate: select p1_0.id,p1_0.contact_number,p1_0.dob,p1_0.gender,u1_0.id,u1_0.email,u1_0.full_name,u1_0.password,u1_0.role from patients p1_0 left join users u1_0 on u1_0.id=p1_0.user_id where p1_0.id=?
Hibernate: select u1_0.id,u1_0.email,u1_0.full_name,u1_0.password,u1_0.role from users u1_0 where u1_0.email=?
Hibernate: select u1_0.id,u1_0.email,u1_0.full_name,u1_0.password,u1_0.role from users u1_0 where u1_0.email=?
Hibernate: select d1_0.id,d1_0.experience_years,d1_0.specialization,d1_0.status,d1_0.user_id from doctors d1_0 where d1_0.user_id=?
Hibernate: select a1_0.id,a1_0.date_time,a1_0.doctor_id,a1_0.notes,a1_0.patient_id,a1_0.status from appointments a1_0 where a1_0.doctor_id=?
Hibernate: select p1_0.id,p1_0.contact_number,p1_0.dob,p1_0.gender,u1_0.id,u1_0.email,u1_0.full_name,u1_0.password,u1_0.role from patients p1_0 left join users u1_0 on u1_0.id=p1_0.user_id where p1_0.id=?
Hibernate: select p1_0.id,p1_0.contact_number,p1_0.dob,p1_0.gender,u1_0.id,u1_0.email,u1_0.full_name,u1_0.password,u1_0.role from patients p1_0 left join users u1_0 on u1_0.id=p1_0.user_id where p1_0.id=?
Hibernate: select u1_0.id,u1_0.email,u1_0.full_name,u1_0.password,u1_0.role from users u1_0 where u1_0.email=?
Hibernate: select u1_0.id,u1_0.email,u1_0.full_name,u1_0.password,u1_0.role from users u1_0 where u1_0.email=?
Hibernate: select d1_0.id,d1_0.experience_years,d1_0.specialization,d1_0.status,d1_0.user_id from doctors d1_0 where d1_0.user_id=?
Hibernate: select a1_0.id,a1_0.date_time,a1_0.doctor_id,a1_0.notes,a1_0.patient_id,a1_0.status from appointments a1_0 where a1_0.doctor_id=?
Hibernate: select p1_0.id,p1_0.contact_number,p1_0.dob,p1_0.gender,u1_0.id,u1_0.email,u1_0.full_name,u1_0.password,u1_0.role from patients p1_0 left join users u1_0 on u1_0.id=p1_0.user_id where p1_0.id=?
Hibernate: select p1_0.id,p1_0.contact_number,p1_0.dob,p1_0.gender,u1_0.id,u1_0.email,u1_0.full_name,u1_0.password,u1_0.role from patients p1_0 left join users u1_0 on u1_0.id=p1_0.user_id where p1_0.id=?
Hibernate: select u1_0.id,u1_0.email,u1_0.full_name,u1_0.password,u1_0.role from users u1_0 where u1_0.email=?
Hibernate: select u1_0.id,u1_0.email,u1_0.full_name,u1_0.password,u1_0.role from users u1_0 where u1_0.email=?
Hibernate: select d1_0.id,d1_0.experience_years,d1_0.specialization,d1_0.status,d1_0.user_id from doctors d1_0 where d1_0.user_id=?
Hibernate: select a1_0.id,a1_0.date_time,a1_0.doctor_id,a1_0.notes,a1_0.patient_id,a1_0.status from appointments a1_0 where a1_0.doctor_id=?
Hibernate: select p1_0.id,p1_0.contact_number,p1_0.dob,p1_0.gender,u1_0.id,u1_0.email,u1_0.full_name,u1_0.password,u1_0.role from patients p1_0 left join users u1_0 on u1_0.id=p1_0.user_id where p1_0.id=?
Hibernate: select p1_0.id,p1_0.contact_number,p1_0.dob,p1_0.gender,u1_0.id,u1_0.email,u1_0.full_name,u1_0.password,u1_0.role from patients p1_0 left join users u1_0 on u1_0.id=p1_0.user_id where p1_0.id=?
Hibernate: select u1_0.id,u1_0.email,u1_0.full_name,u1_0.password,u1_0.role from users u1_0 where u1_0.email=?
Hibernate: select u1_0.id,u1_0.email,u1_0.full_name,u1_0.password,u1_0.role from users u1_0 where u1_0.email=?
Hibernate: select d1_0.id,d1_0.experience_years,d1_0.specialization,d1_0.status,d1_0.user_id from doctors d1_0 where d1_0.user_id=?
Hibernate: select a1_0.id,a1_0.date_time,a1_0.doctor_id,a1_0.notes,a1_0.patient_id,a1_0.status from appointments a1_0 where a1_0.doctor_id=?
Hibernate: select p1_0.id,p1_0.contact_number,p1_0.dob,p1_0.gender,u1_0.id,u1_0.email,u1_0.full_name,u1_0.password,u1_0.role from patients p1_0 left join users u1_0 on u1_0.id=p1_0.user_id where p1_0.id=?
Hibernate: select p1_0.id,p1_0.contact_number,p1_0.dob,p1_0.gender,u1_0.id,u1_0.email,u1_0.full_name,u1_0.password,u1_0.role from patients p1_0 left join users u1_0 on u1_0.id=p1_0.user_id where p1_0.id=?
Hibernate: select u1_0.id,u1_0.email,u1_0.full_name,u1_0.password,u1_0.role from users u1_0 where u1_0.email=?
Hibernate: select u1_0.id,u1_0.email,u1_0.full_name,u1_0.password,u1_0.role from users u1_0 where u1_0.email=?
Hibernate: select d1_0.id,d1_0.experience_years,d1_0.specialization,d1_0.status,d1_0.user_id from doctors d1_0 where d1_0.user_id=?
Hibernate: select a1_0.id,a1_0.date_time,a1_0.doctor_id,a1_0.notes,a1_0.patient_id,a1_0.status from appointments a1_0 where a1_0.doctor_id=?
Hibernate: select p1_0.id,p1_0.contact_number,p1_0.dob,p1_0.gender,u1_0.id,u1_0.email,u1_0.full_name,u1_0.password,u1_0.role from patients p1_0 left join users u1_0 on u1_0.id=p1_0.user_id where p1_0.id=?
Hibernate: select p1_0.id,p1_0.contact_number,p1_0.dob,p1_0.gender,u1_0.id,u1_0.email,u1_0.full_name,u1_0.password,u1_0.role from patients p1_0 left join users u1_0 on u1_0.id=p1_0.user_id where p1_0.id=?
Hibernate: select u1_0.id,u1_0.email,u1_0.full_name,u1_0.password,u1_0.role from users u1_0 where u1_0.email=?
Hibernate: select u1_0.id,u1_0.email,u1_0.full_name,u1_0.password,u1_0.role from users u1_0 where u1_0.email=?
Hibernate: select d1_0.id,d1_0.experience_years,d1_0.specialization,d1_0.status,d1_0.user_id from doctors d1_0 where d1_0.user_id=?
Hibernate: select a1_0.id,a1_0.date_time,a1_0.doctor_id,a1_0.notes,a1_0.patient_id,a1_0.status from appointments a1_0 where a1_0.doctor_id=?
Hibernate: select p1_0.id,p1_0.contact_number,p1_0.dob,p1_0.gender,u1_0.id,u1_0.email,u1_0.full_name,u1_0.password,u1_0.role from patients p1_0 left join users u1_0 on u1_0.id=p1_0.user_id where p1_0.id=?
Hibernate: select p1_0.id,p1_0.contact_number,p1_0.dob,p1_0.gender,u1_0.id,u1_0.email,u1_0.full_name,u1_0.password,u1_0.role from patients p1_0 left join users u1_0 on u1_0.id=p1_0.user_id where p1_0.id=?
Hibernate: select u1_0.id,u1_0.email,u1_0.full_name,u1_0.password,u1_0.role from users u1_0 where u1_0.email=?
Hibernate: select u1_0.id,u1_0.email,u1_0.full_name,u1_0.password,u1_0.role from users u1_0 where u1_0.email=?
Hibernate: select d1_0.id,d1_0.experience_years,d1_0.specialization,d1_0.status,d1_0.user_id from doctors d1_0 where d1_0.user_id=?
Hibernate: select a1_0.id,a1_0.date_time,a1_0.doctor_id,a1_0.notes,a1_0.patient_id,a1_0.status from appointments a1_0 where a1_0.doctor_id=?
Hibernate: select p1_0.id,p1_0.contact_number,p1_0.dob,p1_0.gender,u1_0.id,u1_0.email,u1_0.full_name,u1_0.password,u1_0.role from patients p1_0 left join users u1_0 on u1_0.id=p1_0.user_id where p1_0.id=?
Hibernate: select p1_0.id,p1_0.contact_number,p1_0.dob,p1_0.gender,u1_0.id,u1_0.email,u1_0.full_name,u1_0.password,u1_0.role from patients p1_0 left join users u1_0 on u1_0.id=p1_0.user_id where p1_0.id=?
Hibernate: select u1_0.id,u1_0.email,u1_0.full_name,u1_0.password,u1_0.role from users u1_0 where u1_0.email=?
Hibernate: select u1_0.id,u1_0.email,u1_0.full_name,u1_0.password,u1_0.role from users u1_0 where u1_0.email=?
Hibernate: select d1_0.id,d1_0.experience_years,d1_0.specialization,d1_0.status,d1_0.user_id from doctors d1_0 where d1_0.user_id=?
Hibernate: select a1_0.id,a1_0.date_time,a1_0.doctor_id,a1_0.notes,a1_0.patient_id,a1_0.status from appointments a1_0 where a1_0.doctor_id=?
Hibernate: select p1_0.id,p1_0.contact_number,p1_0.dob,p1_0.gender,u1_0.id,u1_0.email,u1_0.full_name,u1_0.password,u1_0.role from patients p1_0 left join users u1_0 on u1_0.id=p1_0.user_id where p1_0.id=?
Hibernate: select p1_0.id,p1_0.contact_number,p1_0.dob,p1_0.gender,u1_0.id,u1_0.email,u1_0.full_name,u1_0.password,u1_0.role from patients p1_0 left join users u1_0 on u1_0.id=p1_0.user_id where p1_0.id=?
Hibernate: select u1_0.id,u1_0.email,u1_0.full_name,u1_0.password,u1_0.role from users u1_0 where u1_0.email=?
Hibernate: select u1_0.id,u1_0.email,u1_0.full_name,u1_0.password,u1_0.role from users u1_0 where u1_0.email=?
Hibernate: select u1_0.id,u1_0.email,u1_0.full_name,u1_0.password,u1_0.role from users u1_0 where u1_0.email=?
Hibernate: select u1_0.id,u1_0.email,u1_0.full_name,u1_0.password,u1_0.role from users u1_0 where u1_0.email=?
Hibernate: select u1_0.id,u1_0.email,u1_0.full_name,u1_0.password,u1_0.role from users u1_0 where u1_0.email=?
Hibernate: select p1_0.id,p1_0.contact_number,p1_0.dob,p1_0.gender,p1_0.user_id from patients p1_0 where p1_0.user_id=?
Hibernate: select a1_0.id,a1_0.date_time,a1_0.doctor_id,a1_0.notes,a1_0.patient_id,a1_0.status from appointments a1_0 where a1_0.patient_id=?
Hibernate: select d1_0.id,d1_0.experience_years,d1_0.specialization,d1_0.status,u1_0.id,u1_0.email,u1_0.full_name,u1_0.password,u1_0.role from doctors d1_0 left join users u1_0 on u1_0.id=d1_0.user_id where d1_0.id=?
Hibernate: select u1_0.id,u1_0.email,u1_0.full_name,u1_0.password,u1_0.role from users u1_0 where u1_0.email=?
Hibernate: select u1_0.id,u1_0.email,u1_0.full_name,u1_0.password,u1_0.role from users u1_0 where u1_0.email=?
Hibernate: select p1_0.id,p1_0.contact_number,p1_0.dob,p1_0.gender,p1_0.user_id from patients p1_0 where p1_0.user_id=?
Hibernate: select a1_0.id,a1_0.date_time,a1_0.doctor_id,a1_0.notes,a1_0.patient_id,a1_0.status from appointments a1_0 where a1_0.patient_id=?
Hibernate: select d1_0.id,d1_0.experience_years,d1_0.specialization,d1_0.status,u1_0.id,u1_0.email,u1_0.full_name,u1_0.password,u1_0.role from doctors d1_0 left join users u1_0 on u1_0.id=d1_0.user_id where d1_0.id=?
Hibernate: select u1_0.id,u1_0.email,u1_0.full_name,u1_0.password,u1_0.role from users u1_0 where u1_0.email=?
Hibernate: select d1_0.id,d1_0.experience_years,d1_0.specialization,d1_0.status,d1_0.user_id from doctors d1_0
Hibernate: select u1_0.id,u1_0.email,u1_0.full_name,u1_0.password,u1_0.role from users u1_0 where u1_0.id=?
Hibernate: select u1_0.id,u1_0.email,u1_0.full_name,u1_0.password,u1_0.role from users u1_0 where u1_0.id=?
Hibernate: select u1_0.id,u1_0.email,u1_0.full_name,u1_0.password,u1_0.role from users u1_0 where u1_0.id=?
Hibernate: select u1_0.id,u1_0.email,u1_0.full_name,u1_0.password,u1_0.role from users u1_0 where u1_0.id=?
Hibernate: select u1_0.id,u1_0.email,u1_0.full_name,u1_0.password,u1_0.role from users u1_0 where u1_0.email=?
Hibernate: select d1_0.id,d1_0.experience_years,d1_0.specialization,d1_0.status,d1_0.user_id from doctors d1_0
Hibernate: select u1_0.id,u1_0.email,u1_0.full_name,u1_0.password,u1_0.role from users u1_0 where u1_0.id=?
Hibernate: select u1_0.id,u1_0.email,u1_0.full_name,u1_0.password,u1_0.role from users u1_0 where u1_0.id=?
Hibernate: select u1_0.id,u1_0.email,u1_0.full_name,u1_0.password,u1_0.role from users u1_0 where u1_0.id=?
Hibernate: select u1_0.id,u1_0.email,u1_0.full_name,u1_0.password,u1_0.role from users u1_0 where u1_0.id=?
Hibernate: select u1_0.id,u1_0.email,u1_0.full_name,u1_0.password,u1_0.role from users u1_0 where u1_0.email=?
Hibernate: select u1_0.id,u1_0.email,u1_0.full_name,u1_0.password,u1_0.role from users u1_0 where u1_0.email=?
Hibernate: select p1_0.id,p1_0.contact_number,p1_0.dob,p1_0.gender,p1_0.user_id from patients p1_0 where p1_0.user_id=?
Hibernate: select d1_0.id,d1_0.experience_years,d1_0.specialization,d1_0.status,d1_0.user_id from doctors d1_0 where d1_0.specialization=? and d1_0.status=?
Hibernate: select u1_0.id,u1_0.email,u1_0.full_name,u1_0.password,u1_0.role from users u1_0 where u1_0.id=?
Hibernate: insert into appointments (date_time,doctor_id,notes,patient_id,status) values (?,?,?,?,?)
Hibernate: select u1_0.id,u1_0.email,u1_0.full_name,u1_0.password,u1_0.role from users u1_0 where u1_0.email=?
Hibernate: select u1_0.id,u1_0.email,u1_0.full_name,u1_0.password,u1_0.role from users u1_0 where u1_0.email=?
Hibernate: select p1_0.id,p1_0.contact_number,p1_0.dob,p1_0.gender,p1_0.user_id from patients p1_0 where p1_0.user_id=?
Hibernate: select a1_0.id,a1_0.date_time,a1_0.doctor_id,a1_0.notes,a1_0.patient_id,a1_0.status from appointments a1_0 where a1_0.patient_id=?
Hibernate: select d1_0.id,d1_0.experience_years,d1_0.specialization,d1_0.status,u1_0.id,u1_0.email,u1_0.full_name,u1_0.password,u1_0.role from doctors d1_0 left join users u1_0 on u1_0.id=d1_0.user_id where d1_0.id=?
Hibernate: select d1_0.id,d1_0.experience_years,d1_0.specialization,d1_0.status,u1_0.id,u1_0.email,u1_0.full_name,u1_0.password,u1_0.role from doctors d1_0 left join users u1_0 on u1_0.id=d1_0.user_id where d1_0.id=?
Hibernate: select u1_0.id,u1_0.email,u1_0.full_name,u1_0.password,u1_0.role from users u1_0 where u1_0.email=?
Hibernate: select u1_0.id,u1_0.email,u1_0.full_name,u1_0.password,u1_0.role from users u1_0 where u1_0.email=?
Hibernate: select p1_0.id,p1_0.contact_number,p1_0.dob,p1_0.gender,p1_0.user_id from patients p1_0 where p1_0.user_id=?
Hibernate: select a1_0.id,a1_0.date_time,a1_0.doctor_id,a1_0.notes,a1_0.patient_id,a1_0.status from appointments a1_0 where a1_0.patient_id=?
Hibernate: select d1_0.id,d1_0.experience_years,d1_0.specialization,d1_0.status,u1_0.id,u1_0.email,u1_0.full_name,u1_0.password,u1_0.role from doctors d1_0 left join users u1_0 on u1_0.id=d1_0.user_id where d1_0.id=?
Hibernate: select d1_0.id,d1_0.experience_years,d1_0.specialization,d1_0.status,u1_0.id,u1_0.email,u1_0.full_name,u1_0.password,u1_0.role from doctors d1_0 left join users u1_0 on u1_0.id=d1_0.user_id where d1_0.id=?
Hibernate: select u1_0.id,u1_0.email,u1_0.full_name,u1_0.password,u1_0.role from users u1_0 where u1_0.email=?
Hibernate: select u1_0.id,u1_0.email,u1_0.full_name,u1_0.password,u1_0.role from users u1_0 where u1_0.email=?
Hibernate: select u1_0.id,u1_0.email,u1_0.full_name,u1_0.password,u1_0.role from users u1_0 where u1_0.email=?
Hibernate: select u1_0.id,u1_0.email,u1_0.full_name,u1_0.password,u1_0.role from users u1_0 where u1_0.email=?
Hibernate: select p1_0.id,p1_0.contact_number,p1_0.dob,p1_0.gender,p1_0.user_id from patients p1_0 where p1_0.user_id=?
Hibernate: select a1_0.id,a1_0.date_time,a1_0.doctor_id,a1_0.notes,a1_0.patient_id,a1_0.status from appointments a1_0 where a1_0.patient_id=?
Hibernate: select d1_0.id,d1_0.experience_years,d1_0.specialization,d1_0.status,u1_0.id,u1_0.email,u1_0.full_name,u1_0.password,u1_0.role from doctors d1_0 left join users u1_0 on u1_0.id=d1_0.user_id where d1_0.id=?
Hibernate: select d1_0.id,d1_0.experience_years,d1_0.specialization,d1_0.status,u1_0.id,u1_0.email,u1_0.full_name,u1_0.password,u1_0.role from doctors d1_0 left join users u1_0 on u1_0.id=d1_0.user_id where d1_0.id=?
Hibernate: select u1_0.id,u1_0.email,u1_0.full_name,u1_0.password,u1_0.role from users u1_0 where u1_0.email=?
Hibernate: select u1_0.id,u1_0.email,u1_0.full_name,u1_0.password,u1_0.role from users u1_0 where u1_0.email=?
Hibernate: select p1_0.id,p1_0.contact_number,p1_0.dob,p1_0.gender,p1_0.user_id from patients p1_0 where p1_0.user_id=?
Hibernate: select a1_0.id,a1_0.date_time,a1_0.doctor_id,a1_0.notes,a1_0.patient_id,a1_0.status from appointments a1_0 where a1_0.patient_id=?
Hibernate: select d1_0.id,d1_0.experience_years,d1_0.specialization,d1_0.status,u1_0.id,u1_0.email,u1_0.full_name,u1_0.password,u1_0.role from doctors d1_0 left join users u1_0 on u1_0.id=d1_0.user_id where d1_0.id=?
Hibernate: select d1_0.id,d1_0.experience_years,d1_0.specialization,d1_0.status,u1_0.id,u1_0.email,u1_0.full_name,u1_0.password,u1_0.role from doctors d1_0 left join users u1_0 on u1_0.id=d1_0.user_id where d1_0.id=?
Hibernate: select u1_0.id,u1_0.email,u1_0.full_name,u1_0.password,u1_0.role from users u1_0 where u1_0.email=?
Hibernate: select d1_0.id,d1_0.experience_years,d1_0.specialization,d1_0.status,d1_0.user_id from doctors d1_0
Hibernate: select u1_0.id,u1_0.email,u1_0.full_name,u1_0.password,u1_0.role from users u1_0 where u1_0.id=?
Hibernate: select u1_0.id,u1_0.email,u1_0.full_name,u1_0.password,u1_0.role from users u1_0 where u1_0.id=?
Hibernate: select u1_0.id,u1_0.email,u1_0.full_name,u1_0.password,u1_0.role from users u1_0 where u1_0.id=?
Hibernate: select u1_0.id,u1_0.email,u1_0.full_name,u1_0.password,u1_0.role from users u1_0 where u1_0.id=?
Hibernate: select u1_0.id,u1_0.email,u1_0.full_name,u1_0.password,u1_0.role from users u1_0 where u1_0.email=?
Hibernate: select d1_0.id,d1_0.experience_years,d1_0.specialization,d1_0.status,d1_0.user_id from doctors d1_0
Hibernate: select u1_0.id,u1_0.email,u1_0.full_name,u1_0.password,u1_0.role from users u1_0 where u1_0.id=?
Hibernate: select u1_0.id,u1_0.email,u1_0.full_name,u1_0.password,u1_0.role from users u1_0 where u1_0.id=?
Hibernate: select u1_0.id,u1_0.email,u1_0.full_name,u1_0.password,u1_0.role from users u1_0 where u1_0.id=?
Hibernate: select u1_0.id,u1_0.email,u1_0.full_name,u1_0.password,u1_0.role from users u1_0 where u1_0.id=?
Hibernate: select u1_0.id,u1_0.email,u1_0.full_name,u1_0.password,u1_0.role from users u1_0 where u1_0.email=?
Hibernate: select u1_0.id,u1_0.email,u1_0.full_name,u1_0.password,u1_0.role from users u1_0 where u1_0.email=?
Hibernate: select p1_0.id,p1_0.contact_number,p1_0.dob,p1_0.gender,p1_0.user_id from patients p1_0 where p1_0.user_id=?
Hibernate: select a1_0.id,a1_0.date_time,a1_0.doctor_id,a1_0.notes,a1_0.patient_id,a1_0.status from appointments a1_0 where a1_0.patient_id=?
Hibernate: select d1_0.id,d1_0.experience_years,d1_0.specialization,d1_0.status,u1_0.id,u1_0.email,u1_0.full_name,u1_0.password,u1_0.role from doctors d1_0 left join users u1_0 on u1_0.id=d1_0.user_id where d1_0.id=?
Hibernate: select d1_0.id,d1_0.experience_years,d1_0.specialization,d1_0.status,u1_0.id,u1_0.email,u1_0.full_name,u1_0.password,u1_0.role from doctors d1_0 left join users u1_0 on u1_0.id=d1_0.user_id where d1_0.id=?
Hibernate: select u1_0.id,u1_0.email,u1_0.full_name,u1_0.password,u1_0.role from users u1_0 where u1_0.email=?
Hibernate: select u1_0.id,u1_0.email,u1_0.full_name,u1_0.password,u1_0.role from users u1_0 where u1_0.email=?
Hibernate: select p1_0.id,p1_0.contact_number,p1_0.dob,p1_0.gender,p1_0.user_id from patients p1_0 where p1_0.user_id=?
Hibernate: select a1_0.id,a1_0.date_time,a1_0.doctor_id,a1_0.notes,a1_0.patient_id,a1_0.status from appointments a1_0 where a1_0.patient_id=?
Hibernate: select d1_0.id,d1_0.experience_years,d1_0.specialization,d1_0.status,u1_0.id,u1_0.email,u1_0.full_name,u1_0.password,u1_0.role from doctors d1_0 left join users u1_0 on u1_0.id=d1_0.user_id where d1_0.id=?
Hibernate: select d1_0.id,d1_0.experience_years,d1_0.specialization,d1_0.status,u1_0.id,u1_0.email,u1_0.full_name,u1_0.password,u1_0.role from doctors d1_0 left join users u1_0 on u1_0.id=d1_0.user_id where d1_0.id=?
Hibernate: select u1_0.id,u1_0.email,u1_0.full_name,u1_0.password,u1_0.role from users u1_0 where u1_0.email=?
Hibernate: select u1_0.id,u1_0.email,u1_0.full_name,u1_0.password,u1_0.role from users u1_0 where u1_0.email=?
Hibernate: select p1_0.id,p1_0.contact_number,p1_0.dob,p1_0.gender,p1_0.user_id from patients p1_0 where p1_0.user_id=?
Hibernate: select a1_0.id,a1_0.date_time,a1_0.doctor_id,a1_0.notes,a1_0.patient_id,a1_0.status from appointments a1_0 where a1_0.patient_id=?
Hibernate: select d1_0.id,d1_0.experience_years,d1_0.specialization,d1_0.status,u1_0.id,u1_0.email,u1_0.full_name,u1_0.password,u1_0.role from doctors d1_0 left join users u1_0 on u1_0.id=d1_0.user_id where d1_0.id=?
Hibernate: select d1_0.id,d1_0.experience_years,d1_0.specialization,d1_0.status,u1_0.id,u1_0.email,u1_0.full_name,u1_0.password,u1_0.role from doctors d1_0 left join users u1_0 on u1_0.id=d1_0.user_id where d1_0.id=?
Hibernate: select u1_0.id,u1_0.email,u1_0.full_name,u1_0.password,u1_0.role from users u1_0 where u1_0.email=?
Hibernate: select u1_0.id,u1_0.email,u1_0.full_name,u1_0.password,u1_0.role from users u1_0 where u1_0.email=?
Hibernate: select p1_0.id,p1_0.contact_number,p1_0.dob,p1_0.gender,p1_0.user_id from patients p1_0 where p1_0.user_id=?
Hibernate: select a1_0.id,a1_0.date_time,a1_0.doctor_id,a1_0.notes,a1_0.patient_id,a1_0.status from appointments a1_0 where a1_0.patient_id=?
Hibernate: select d1_0.id,d1_0.experience_years,d1_0.specialization,d1_0.status,u1_0.id,u1_0.email,u1_0.full_name,u1_0.password,u1_0.role from doctors d1_0 left join users u1_0 on u1_0.id=d1_0.user_id where d1_0.id=?
Hibernate: select d1_0.id,d1_0.experience_years,d1_0.specialization,d1_0.status,u1_0.id,u1_0.email,u1_0.full_name,u1_0.password,u1_0.role from doctors d1_0 left join users u1_0 on u1_0.id=d1_0.user_id where d1_0.id=?
Hibernate: select u1_0.id,u1_0.email,u1_0.full_name,u1_0.password,u1_0.role from users u1_0 where u1_0.email=?
Hibernate: select u1_0.id,u1_0.email,u1_0.full_name,u1_0.password,u1_0.role from users u1_0 where u1_0.email=?
Hibernate: select p1_0.id,p1_0.contact_number,p1_0.dob,p1_0.gender,p1_0.user_id from patients p1_0 where p1_0.user_id=?
Hibernate: select a1_0.id,a1_0.date_time,a1_0.doctor_id,a1_0.notes,a1_0.patient_id,a1_0.status from appointments a1_0 where a1_0.patient_id=?
Hibernate: select d1_0.id,d1_0.experience_years,d1_0.specialization,d1_0.status,u1_0.id,u1_0.email,u1_0.full_name,u1_0.password,u1_0.role from doctors d1_0 left join users u1_0 on u1_0.id=d1_0.user_id where d1_0.id=?
Hibernate: select d1_0.id,d1_0.experience_years,d1_0.specialization,d1_0.status,u1_0.id,u1_0.email,u1_0.full_name,u1_0.password,u1_0.role from doctors d1_0 left join users u1_0 on u1_0.id=d1_0.user_id where d1_0.id=?
Hibernate: select u1_0.id,u1_0.email,u1_0.full_name,u1_0.password,u1_0.role from users u1_0 where u1_0.email=?
Hibernate: select u1_0.id,u1_0.email,u1_0.full_name,u1_0.password,u1_0.role from users u1_0 where u1_0.email=?
Hibernate: select p1_0.id,p1_0.contact_number,p1_0.dob,p1_0.gender,p1_0.user_id from patients p1_0 where p1_0.user_id=?
Hibernate: select a1_0.id,a1_0.date_time,a1_0.doctor_id,a1_0.notes,a1_0.patient_id,a1_0.status from appointments a1_0 where a1_0.patient_id=?
Hibernate: select d1_0.id,d1_0.experience_years,d1_0.specialization,d1_0.status,u1_0.id,u1_0.email,u1_0.full_name,u1_0.password,u1_0.role from doctors d1_0 left join users u1_0 on u1_0.id=d1_0.user_id where d1_0.id=?
Hibernate: select d1_0.id,d1_0.experience_years,d1_0.specialization,d1_0.status,u1_0.id,u1_0.email,u1_0.full_name,u1_0.password,u1_0.role from doctors d1_0 left join users u1_0 on u1_0.id=d1_0.user_id where d1_0.id=?
Hibernate: select u1_0.id,u1_0.email,u1_0.full_name,u1_0.password,u1_0.role from users u1_0 where u1_0.email=?
Hibernate: select u1_0.id,u1_0.email,u1_0.full_name,u1_0.password,u1_0.role from users u1_0 where u1_0.email=?
Hibernate: select p1_0.id,p1_0.contact_number,p1_0.dob,p1_0.gender,p1_0.user_id from patients p1_0 where p1_0.user_id=?
Hibernate: select a1_0.id,a1_0.date_time,a1_0.doctor_id,a1_0.notes,a1_0.patient_id,a1_0.status from appointments a1_0 where a1_0.patient_id=?
Hibernate: select d1_0.id,d1_0.experience_years,d1_0.specialization,d1_0.status,u1_0.id,u1_0.email,u1_0.full_name,u1_0.password,u1_0.role from doctors d1_0 left join users u1_0 on u1_0.id=d1_0.user_id where d1_0.id=?
Hibernate: select d1_0.id,d1_0.experience_years,d1_0.specialization,d1_0.status,u1_0.id,u1_0.email,u1_0.full_name,u1_0.password,u1_0.role from doctors d1_0 left join users u1_0 on u1_0.id=d1_0.user_id where d1_0.id=?
Hibernate: select u1_0.id,u1_0.email,u1_0.full_name,u1_0.password,u1_0.role from users u1_0 where u1_0.email=?
Hibernate: select u1_0.id,u1_0.email,u1_0.full_name,u1_0.password,u1_0.role from users u1_0 where u1_0.email=?
Hibernate: select p1_0.id,p1_0.contact_number,p1_0.dob,p1_0.gender,p1_0.user_id from patients p1_0 where p1_0.user_id=?
Hibernate: select a1_0.id,a1_0.date_time,a1_0.doctor_id,a1_0.notes,a1_0.patient_id,a1_0.status from appointments a1_0 where a1_0.patient_id=?
Hibernate: select d1_0.id,d1_0.experience_years,d1_0.specialization,d1_0.status,u1_0.id,u1_0.email,u1_0.full_name,u1_0.password,u1_0.role from doctors d1_0 left join users u1_0 on u1_0.id=d1_0.user_id where d1_0.id=?
Hibernate: select d1_0.id,d1_0.experience_years,d1_0.specialization,d1_0.status,u1_0.id,u1_0.email,u1_0.full_name,u1_0.password,u1_0.role from doctors d1_0 left join users u1_0 on u1_0.id=d1_0.user_id where d1_0.id=?
Hibernate: select u1_0.id,u1_0.email,u1_0.full_name,u1_0.password,u1_0.role from users u1_0 where u1_0.email=?
Hibernate: select u1_0.id,u1_0.email,u1_0.full_name,u1_0.password,u1_0.role from users u1_0 where u1_0.email=?
Hibernate: select p1_0.id,p1_0.contact_number,p1_0.dob,p1_0.gender,p1_0.user_id from patients p1_0 where p1_0.user_id=?
Hibernate: select a1_0.id,a1_0.date_time,a1_0.doctor_id,a1_0.notes,a1_0.patient_id,a1_0.status from appointments a1_0 where a1_0.patient_id=?
Hibernate: select d1_0.id,d1_0.experience_years,d1_0.specialization,d1_0.status,u1_0.id,u1_0.email,u1_0.full_name,u1_0.password,u1_0.role from doctors d1_0 left join users u1_0 on u1_0.id=d1_0.user_id where d1_0.id=?
Hibernate: select d1_0.id,d1_0.experience_years,d1_0.specialization,d1_0.status,u1_0.id,u1_0.email,u1_0.full_name,u1_0.password,u1_0.role from doctors d1_0 left join users u1_0 on u1_0.id=d1_0.user_id where d1_0.id=?
Hibernate: select u1_0.id,u1_0.email,u1_0.full_name,u1_0.password,u1_0.role from users u1_0 where u1_0.email=?
Hibernate: select u1_0.id,u1_0.email,u1_0.full_name,u1_0.password,u1_0.role from users u1_0 where u1_0.email=?
Hibernate: select p1_0.id,p1_0.contact_number,p1_0.dob,p1_0.gender,p1_0.user_id from patients p1_0 where p1_0.user_id=?
Hibernate: select a1_0.id,a1_0.date_time,a1_0.doctor_id,a1_0.notes,a1_0.patient_id,a1_0.status from appointments a1_0 where a1_0.patient_id=?
Hibernate: select d1_0.id,d1_0.experience_years,d1_0.specialization,d1_0.status,u1_0.id,u1_0.email,u1_0.full_name,u1_0.password,u1_0.role from doctors d1_0 left join users u1_0 on u1_0.id=d1_0.user_id where d1_0.id=?
Hibernate: select d1_0.id,d1_0.experience_years,d1_0.specialization,d1_0.status,u1_0.id,u1_0.email,u1_0.full_name,u1_0.password,u1_0.role from doctors d1_0 left join users u1_0 on u1_0.id=d1_0.user_id where d1_0.id=?
Hibernate: select u1_0.id,u1_0.email,u1_0.full_name,u1_0.password,u1_0.role from users u1_0 where u1_0.email=?
Hibernate: select u1_0.id,u1_0.email,u1_0.full_name,u1_0.password,u1_0.role from users u1_0 where u1_0.email=?
Hibernate: select p1_0.id,p1_0.contact_number,p1_0.dob,p1_0.gender,p1_0.user_id from patients p1_0 where p1_0.user_id=?
Hibernate: select a1_0.id,a1_0.date_time,a1_0.doctor_id,a1_0.notes,a1_0.patient_id,a1_0.status from appointments a1_0 where a1_0.patient_id=?
Hibernate: select d1_0.id,d1_0.experience_years,d1_0.specialization,d1_0.status,u1_0.id,u1_0.email,u1_0.full_name,u1_0.password,u1_0.role from doctors d1_0 left join users u1_0 on u1_0.id=d1_0.user_id where d1_0.id=?
Hibernate: select d1_0.id,d1_0.experience_years,d1_0.specialization,d1_0.status,u1_0.id,u1_0.email,u1_0.full_name,u1_0.password,u1_0.role from doctors d1_0 left join users u1_0 on u1_0.id=d1_0.user_id where d1_0.id=?
Hibernate: select u1_0.id,u1_0.email,u1_0.full_name,u1_0.password,u1_0.role from users u1_0 where u1_0.email=?
Hibernate: select u1_0.id,u1_0.email,u1_0.full_name,u1_0.password,u1_0.role from users u1_0 where u1_0.email=?
Hibernate: select p1_0.id,p1_0.contact_number,p1_0.dob,p1_0.gender,p1_0.user_id from patients p1_0 where p1_0.user_id=?
Hibernate: select a1_0.id,a1_0.date_time,a1_0.doctor_id,a1_0.notes,a1_0.patient_id,a1_0.status from appointments a1_0 where a1_0.patient_id=?
Hibernate: select d1_0.id,d1_0.experience_years,d1_0.specialization,d1_0.status,u1_0.id,u1_0.email,u1_0.full_name,u1_0.password,u1_0.role from doctors d1_0 left join users u1_0 on u1_0.id=d1_0.user_id where d1_0.id=?
Hibernate: select d1_0.id,d1_0.experience_years,d1_0.specialization,d1_0.status,u1_0.id,u1_0.email,u1_0.full_name,u1_0.password,u1_0.role from doctors d1_0 left join users u1_0 on u1_0.id=d1_0.user_id where d1_0.id=?
Hibernate: select u1_0.id,u1_0.email,u1_0.full_name,u1_0.password,u1_0.role from users u1_0 where u1_0.email=?
Hibernate: select u1_0.id,u1_0.email,u1_0.full_name,u1_0.password,u1_0.role from users u1_0 where u1_0.email=?
Hibernate: select p1_0.id,p1_0.contact_number,p1_0.dob,p1_0.gender,p1_0.user_id from patients p1_0 where p1_0.user_id=?
Hibernate: select a1_0.id,a1_0.date_time,a1_0.doctor_id,a1_0.notes,a1_0.patient_id,a1_0.status from appointments a1_0 where a1_0.patient_id=?
Hibernate: select d1_0.id,d1_0.experience_years,d1_0.specialization,d1_0.status,u1_0.id,u1_0.email,u1_0.full_name,u1_0.password,u1_0.role from doctors d1_0 left join users u1_0 on u1_0.id=d1_0.user_id where d1_0.id=?
Hibernate: select d1_0.id,d1_0.experience_years,d1_0.specialization,d1_0.status,u1_0.id,u1_0.email,u1_0.full_name,u1_0.password,u1_0.role from doctors d1_0 left join users u1_0 on u1_0.id=d1_0.user_id where d1_0.id=?
Hibernate: select u1_0.id,u1_0.email,u1_0.full_name,u1_0.password,u1_0.role from users u1_0 where u1_0.email=?
Hibernate: select u1_0.id,u1_0.email,u1_0.full_name,u1_0.password,u1_0.role from users u1_0 where u1_0.email=?
Hibernate: select p1_0.id,p1_0.contact_number,p1_0.dob,p1_0.gender,p1_0.user_id from patients p1_0 where p1_0.user_id=?
Hibernate: select a1_0.id,a1_0.date_time,a1_0.doctor_id,a1_0.notes,a1_0.patient_id,a1_0.status from appointments a1_0 where a1_0.patient_id=?
Hibernate: select d1_0.id,d1_0.experience_years,d1_0.specialization,d1_0.status,u1_0.id,u1_0.email,u1_0.full_name,u1_0.password,u1_0.role from doctors d1_0 left join users u1_0 on u1_0.id=d1_0.user_id where d1_0.id=?
Hibernate: select d1_0.id,d1_0.experience_years,d1_0.specialization,d1_0.status,u1_0.id,u1_0.email,u1_0.full_name,u1_0.password,u1_0.role from doctors d1_0 left join users u1_0 on u1_0.id=d1_0.user_id where d1_0.id=?
Hibernate: select u1_0.id,u1_0.email,u1_0.full_name,u1_0.password,u1_0.role from users u1_0 where u1_0.email=?
Hibernate: select u1_0.id,u1_0.email,u1_0.full_name,u1_0.password,u1_0.role from users u1_0 where u1_0.email=?
Hibernate: select p1_0.id,p1_0.contact_number,p1_0.dob,p1_0.gender,p1_0.user_id from patients p1_0 where p1_0.user_id=?
Hibernate: select a1_0.id,a1_0.date_time,a1_0.doctor_id,a1_0.notes,a1_0.patient_id,a1_0.status from appointments a1_0 where a1_0.patient_id=?
Hibernate: select d1_0.id,d1_0.experience_years,d1_0.specialization,d1_0.status,u1_0.id,u1_0.email,u1_0.full_name,u1_0.password,u1_0.role from doctors d1_0 left join users u1_0 on u1_0.id=d1_0.user_id where d1_0.id=?
Hibernate: select d1_0.id,d1_0.experience_years,d1_0.specialization,d1_0.status,u1_0.id,u1_0.email,u1_0.full_name,u1_0.password,u1_0.role from doctors d1_0 left join users u1_0 on u1_0.id=d1_0.user_id where d1_0.id=?
Hibernate: select u1_0.id,u1_0.email,u1_0.full_name,u1_0.password,u1_0.role from users u1_0 where u1_0.email=?
Hibernate: select u1_0.id,u1_0.email,u1_0.full_name,u1_0.password,u1_0.role from users u1_0 where u1_0.email=?
Hibernate: select p1_0.id,p1_0.contact_number,p1_0.dob,p1_0.gender,p1_0.user_id from patients p1_0 where p1_0.user_id=?
Hibernate: select a1_0.id,a1_0.date_time,a1_0.doctor_id,a1_0.notes,a1_0.patient_id,a1_0.status from appointments a1_0 where a1_0.patient_id=?
Hibernate: select d1_0.id,d1_0.experience_years,d1_0.specialization,d1_0.status,u1_0.id,u1_0.email,u1_0.full_name,u1_0.password,u1_0.role from doctors d1_0 left join users u1_0 on u1_0.id=d1_0.user_id where d1_0.id=?
Hibernate: select d1_0.id,d1_0.experience_years,d1_0.specialization,d1_0.status,u1_0.id,u1_0.email,u1_0.full_name,u1_0.password,u1_0.role from doctors d1_0 left join users u1_0 on u1_0.id=d1_0.user_id where d1_0.id=?
Hibernate: select u1_0.id,u1_0.email,u1_0.full_name,u1_0.password,u1_0.role from users u1_0 where u1_0.email=?
Hibernate: select u1_0.id,u1_0.email,u1_0.full_name,u1_0.password,u1_0.role from users u1_0 where u1_0.email=?
Hibernate: select p1_0.id,p1_0.contact_number,p1_0.dob,p1_0.gender,p1_0.user_id from patients p1_0 where p1_0.user_id=?
Hibernate: select a1_0.id,a1_0.date_time,a1_0.doctor_id,a1_0.notes,a1_0.patient_id,a1_0.status from appointments a1_0 where a1_0.patient_id=?
Hibernate: select d1_0.id,d1_0.experience_years,d1_0.specialization,d1_0.status,u1_0.id,u1_0.email,u1_0.full_name,u1_0.password,u1_0.role from doctors d1_0 left join users u1_0 on u1_0.id=d1_0.user_id where d1_0.id=?
Hibernate: select d1_0.id,d1_0.experience_years,d1_0.specialization,d1_0.status,u1_0.id,u1_0.email,u1_0.full_name,u1_0.password,u1_0.role from doctors d1_0 left join users u1_0 on u1_0.id=d1_0.user_id where d1_0.id=?
Hibernate: select u1_0.id,u1_0.email,u1_0.full_name,u1_0.password,u1_0.role from users u1_0 where u1_0.email=?
Hibernate: select u1_0.id,u1_0.email,u1_0.full_name,u1_0.password,u1_0.role from users u1_0 where u1_0.email=?
Hibernate: select p1_0.id,p1_0.contact_number,p1_0.dob,p1_0.gender,p1_0.user_id from patients p1_0 where p1_0.user_id=?
Hibernate: select a1_0.id,a1_0.date_time,a1_0.doctor_id,a1_0.notes,a1_0.patient_id,a1_0.status from appointments a1_0 where a1_0.patient_id=?
Hibernate: select d1_0.id,d1_0.experience_years,d1_0.specialization,d1_0.status,u1_0.id,u1_0.email,u1_0.full_name,u1_0.password,u1_0.role from doctors d1_0 left join users u1_0 on u1_0.id=d1_0.user_id where d1_0.id=?
Hibernate: select d1_0.id,d1_0.experience_years,d1_0.specialization,d1_0.status,u1_0.id,u1_0.email,u1_0.full_name,u1_0.password,u1_0.role from doctors d1_0 left join users u1_0 on u1_0.id=d1_0.user_id where d1_0.id=?
Hibernate: select u1_0.id,u1_0.email,u1_0.full_name,u1_0.password,u1_0.role from users u1_0 where u1_0.email=?
Hibernate: select u1_0.id,u1_0.email,u1_0.full_name,u1_0.password,u1_0.role from users u1_0 where u1_0.email=?
Hibernate: select p1_0.id,p1_0.contact_number,p1_0.dob,p1_0.gender,p1_0.user_id from patients p1_0 where p1_0.user_id=?
Hibernate: select a1_0.id,a1_0.date_time,a1_0.doctor_id,a1_0.notes,a1_0.patient_id,a1_0.status from appointments a1_0 where a1_0.patient_id=?
Hibernate: select d1_0.id,d1_0.experience_years,d1_0.specialization,d1_0.status,u1_0.id,u1_0.email,u1_0.full_name,u1_0.password,u1_0.role from doctors d1_0 left join users u1_0 on u1_0.id=d1_0.user_id where d1_0.id=?
Hibernate: select d1_0.id,d1_0.experience_years,d1_0.specialization,d1_0.status,u1_0.id,u1_0.email,u1_0.full_name,u1_0.password,u1_0.role from doctors d1_0 left join users u1_0 on u1_0.id=d1_0.user_id where d1_0.id=?
Hibernate: select u1_0.id,u1_0.email,u1_0.full_name,u1_0.password,u1_0.role from users u1_0 where u1_0.email=?
Hibernate: select u1_0.id,u1_0.email,u1_0.full_name,u1_0.password,u1_0.role from users u1_0 where u1_0.email=?
Hibernate: select p1_0.id,p1_0.contact_number,p1_0.dob,p1_0.gender,p1_0.user_id from patients p1_0 where p1_0.user_id=?
Hibernate: select a1_0.id,a1_0.date_time,a1_0.doctor_id,a1_0.notes,a1_0.patient_id,a1_0.status from appointments a1_0 where a1_0.patient_id=?
Hibernate: select d1_0.id,d1_0.experience_years,d1_0.specialization,d1_0.status,u1_0.id,u1_0.email,u1_0.full_name,u1_0.password,u1_0.role from doctors d1_0 left join users u1_0 on u1_0.id=d1_0.user_id where d1_0.id=?
Hibernate: select d1_0.id,d1_0.experience_years,d1_0.specialization,d1_0.status,u1_0.id,u1_0.email,u1_0.full_name,u1_0.password,u1_0.role from doctors d1_0 left join users u1_0 on u1_0.id=d1_0.user_id where d1_0.id=?
Hibernate: select u1_0.id,u1_0.email,u1_0.full_name,u1_0.password,u1_0.role from users u1_0 where u1_0.email=?
Hibernate: select u1_0.id,u1_0.email,u1_0.full_name,u1_0.password,u1_0.role from users u1_0 where u1_0.email=?
Hibernate: select p1_0.id,p1_0.contact_number,p1_0.dob,p1_0.gender,p1_0.user_id from patients p1_0 where p1_0.user_id=?
Hibernate: select a1_0.id,a1_0.date_time,a1_0.doctor_id,a1_0.notes,a1_0.patient_id,a1_0.status from appointments a1_0 where a1_0.patient_id=?
Hibernate: select d1_0.id,d1_0.experience_years,d1_0.specialization,d1_0.status,u1_0.id,u1_0.email,u1_0.full_name,u1_0.password,u1_0.role from doctors d1_0 left join users u1_0 on u1_0.id=d1_0.user_id where d1_0.id=?
Hibernate: select d1_0.id,d1_0.experience_years,d1_0.specialization,d1_0.status,u1_0.id,u1_0.email,u1_0.full_name,u1_0.password,u1_0.role from doctors d1_0 left join users u1_0 on u1_0.id=d1_0.user_id where d1_0.id=?
Hibernate: select u1_0.id,u1_0.email,u1_0.full_name,u1_0.password,u1_0.role from users u1_0 where u1_0.email=?
Hibernate: select u1_0.id,u1_0.email,u1_0.full_name,u1_0.password,u1_0.role from users u1_0 where u1_0.email=?
Hibernate: select p1_0.id,p1_0.contact_number,p1_0.dob,p1_0.gender,p1_0.user_id from patients p1_0 where p1_0.user_id=?
Hibernate: select a1_0.id,a1_0.date_time,a1_0.doctor_id,a1_0.notes,a1_0.patient_id,a1_0.status from appointments a1_0 where a1_0.patient_id=?
Hibernate: select d1_0.id,d1_0.experience_years,d1_0.specialization,d1_0.status,u1_0.id,u1_0.email,u1_0.full_name,u1_0.password,u1_0.role from doctors d1_0 left join users u1_0 on u1_0.id=d1_0.user_id where d1_0.id=?
Hibernate: select d1_0.id,d1_0.experience_years,d1_0.specialization,d1_0.status,u1_0.id,u1_0.email,u1_0.full_name,u1_0.password,u1_0.role from doctors d1_0 left join users u1_0 on u1_0.id=d1_0.user_id where d1_0.id=?
Hibernate: select u1_0.id,u1_0.email,u1_0.full_name,u1_0.password,u1_0.role from users u1_0 where u1_0.email=?
Hibernate: select u1_0.id,u1_0.email,u1_0.full_name,u1_0.password,u1_0.role from users u1_0 where u1_0.email=?
Hibernate: select p1_0.id,p1_0.contact_number,p1_0.dob,p1_0.gender,p1_0.user_id from patients p1_0 where p1_0.user_id=?
Hibernate: select a1_0.id,a1_0.date_time,a1_0.doctor_id,a1_0.notes,a1_0.patient_id,a1_0.status from appointments a1_0 where a1_0.patient_id=?
Hibernate: select d1_0.id,d1_0.experience_years,d1_0.specialization,d1_0.status,u1_0.id,u1_0.email,u1_0.full_name,u1_0.password,u1_0.role from doctors d1_0 left join users u1_0 on u1_0.id=d1_0.user_id where d1_0.id=?
Hibernate: select d1_0.id,d1_0.experience_years,d1_0.specialization,d1_0.status,u1_0.id,u1_0.email,u1_0.full_name,u1_0.password,u1_0.role from doctors d1_0 left join users u1_0 on u1_0.id=d1_0.user_id where d1_0.id=?
Hibernate: select u1_0.id,u1_0.email,u1_0.full_name,u1_0.password,u1_0.role from users u1_0 where u1_0.email=?
Hibernate: select u1_0.id,u1_0.email,u1_0.full_name,u1_0.password,u1_0.role from users u1_0 where u1_0.email=?
Hibernate: select p1_0.id,p1_0.contact_number,p1_0.dob,p1_0.gender,p1_0.user_id from patients p1_0 where p1_0.user_id=?
Hibernate: select a1_0.id,a1_0.date_time,a1_0.doctor_id,a1_0.notes,a1_0.patient_id,a1_0.status from appointments a1_0 where a1_0.patient_id=?
Hibernate: select d1_0.id,d1_0.experience_years,d1_0.specialization,d1_0.status,u1_0.id,u1_0.email,u1_0.full_name,u1_0.password,u1_0.role from doctors d1_0 left join users u1_0 on u1_0.id=d1_0.user_id where d1_0.id=?
Hibernate: select d1_0.id,d1_0.experience_years,d1_0.specialization,d1_0.status,u1_0.id,u1_0.email,u1_0.full_name,u1_0.password,u1_0.role from doctors d1_0 left join users u1_0 on u1_0.id=d1_0.user_id where d1_0.id=?
Hibernate: select u1_0.id,u1_0.email,u1_0.full_name,u1_0.password,u1_0.role from users u1_0 where u1_0.email=?
Hibernate: select u1_0.id,u1_0.email,u1_0.full_name,u1_0.password,u1_0.role from users u1_0 where u1_0.email=?
Hibernate: select u1_0.id,u1_0.email,u1_0.full_name,u1_0.password,u1_0.role from users u1_0 where u1_0.email=?
Hibernate: select u1_0.id,u1_0.email,u1_0.full_name,u1_0.password,u1_0.role from users u1_0 where u1_0.email=?
Hibernate: select u1_0.id,u1_0.email,u1_0.full_name,u1_0.password,u1_0.role from users u1_0 where u1_0.email=?
Hibernate: select p1_0.id,p1_0.contact_number,p1_0.dob,p1_0.gender,p1_0.user_id from patients p1_0 where p1_0.user_id=?
Hibernate: select a1_0.id,a1_0.date_time,a1_0.doctor_id,a1_0.notes,a1_0.patient_id,a1_0.status from appointments a1_0 where a1_0.patient_id=?
Hibernate: select d1_0.id,d1_0.experience_years,d1_0.specialization,d1_0.status,u1_0.id,u1_0.email,u1_0.full_name,u1_0.password,u1_0.role from doctors d1_0 left join users u1_0 on u1_0.id=d1_0.user_id where d1_0.id=?
Hibernate: select d1_0.id,d1_0.experience_years,d1_0.specialization,d1_0.status,u1_0.id,u1_0.email,u1_0.full_name,u1_0.password,u1_0.role from doctors d1_0 left join users u1_0 on u1_0.id=d1_0.user_id where d1_0.id=?
Hibernate: select u1_0.id,u1_0.email,u1_0.full_name,u1_0.password,u1_0.role from users u1_0 where u1_0.email=?
Hibernate: select u1_0.id,u1_0.email,u1_0.full_name,u1_0.password,u1_0.role from users u1_0 where u1_0.email=?
Hibernate: select p1_0.id,p1_0.contact_number,p1_0.dob,p1_0.gender,p1_0.user_id from patients p1_0 where p1_0.user_id=?
Hibernate: select a1_0.id,a1_0.date_time,a1_0.doctor_id,a1_0.notes,a1_0.patient_id,a1_0.status from appointments a1_0 where a1_0.patient_id=?
Hibernate: select d1_0.id,d1_0.experience_years,d1_0.specialization,d1_0.status,u1_0.id,u1_0.email,u1_0.full_name,u1_0.password,u1_0.role from doctors d1_0 left join users u1_0 on u1_0.id=d1_0.user_id where d1_0.id=?
Hibernate: select d1_0.id,d1_0.experience_years,d1_0.specialization,d1_0.status,u1_0.id,u1_0.email,u1_0.full_name,u1_0.password,u1_0.role from doctors d1_0 left join users u1_0 on u1_0.id=d1_0.user_id where d1_0.id=?
Hibernate: select u1_0.id,u1_0.email,u1_0.full_name,u1_0.password,u1_0.role from users u1_0 where u1_0.email=?
Hibernate: select u1_0.id,u1_0.email,u1_0.full_name,u1_0.password,u1_0.role from users u1_0 where u1_0.email=?
Hibernate: select p1_0.id,p1_0.contact_number,p1_0.dob,p1_0.gender,p1_0.user_id from patients p1_0 where p1_0.user_id=?
Hibernate: select a1_0.id,a1_0.date_time,a1_0.doctor_id,a1_0.notes,a1_0.patient_id,a1_0.status from appointments a1_0 where a1_0.patient_id=?
Hibernate: select d1_0.id,d1_0.experience_years,d1_0.specialization,d1_0.status,u1_0.id,u1_0.email,u1_0.full_name,u1_0.password,u1_0.role from doctors d1_0 left join users u1_0 on u1_0.id=d1_0.user_id where d1_0.id=?
Hibernate: select d1_0.id,d1_0.experience_years,d1_0.specialization,d1_0.status,u1_0.id,u1_0.email,u1_0.full_name,u1_0.password,u1_0.role from doctors d1_0 left join users u1_0 on u1_0.id=d1_0.user_id where d1_0.id=?
Hibernate: select u1_0.id,u1_0.email,u1_0.full_name,u1_0.password,u1_0.role from users u1_0 where u1_0.email=?
Hibernate: select u1_0.id,u1_0.email,u1_0.full_name,u1_0.password,u1_0.role from users u1_0 where u1_0.email=?
Hibernate: select p1_0.id,p1_0.contact_number,p1_0.dob,p1_0.gender,p1_0.user_id from patients p1_0 where p1_0.user_id=?
Hibernate: select a1_0.id,a1_0.date_time,a1_0.doctor_id,a1_0.notes,a1_0.patient_id,a1_0.status from appointments a1_0 where a1_0.patient_id=?
Hibernate: select d1_0.id,d1_0.experience_years,d1_0.specialization,d1_0.status,u1_0.id,u1_0.email,u1_0.full_name,u1_0.password,u1_0.role from doctors d1_0 left join users u1_0 on u1_0.id=d1_0.user_id where d1_0.id=?
Hibernate: select d1_0.id,d1_0.experience_years,d1_0.specialization,d1_0.status,u1_0.id,u1_0.email,u1_0.full_name,u1_0.password,u1_0.role from doctors d1_0 left join users u1_0 on u1_0.id=d1_0.user_id where d1_0.id=?
Hibernate: select u1_0.id,u1_0.email,u1_0.full_name,u1_0.password,u1_0.role from users u1_0 where u1_0.email=?
Hibernate: select u1_0.id,u1_0.email,u1_0.full_name,u1_0.password,u1_0.role from users u1_0 where u1_0.email=?
Hibernate: select p1_0.id,p1_0.contact_number,p1_0.dob,p1_0.gender,p1_0.user_id from patients p1_0 where p1_0.user_id=?
Hibernate: select a1_0.id,a1_0.date_time,a1_0.doctor_id,a1_0.notes,a1_0.patient_id,a1_0.status from appointments a1_0 where a1_0.patient_id=?
Hibernate: select d1_0.id,d1_0.experience_years,d1_0.specialization,d1_0.status,u1_0.id,u1_0.email,u1_0.full_name,u1_0.password,u1_0.role from doctors d1_0 left join users u1_0 on u1_0.id=d1_0.user_id where d1_0.id=?
Hibernate: select d1_0.id,d1_0.experience_years,d1_0.specialization,d1_0.status,u1_0.id,u1_0.email,u1_0.full_name,u1_0.password,u1_0.role from doctors d1_0 left join users u1_0 on u1_0.id=d1_0.user_id where d1_0.id=?
Hibernate: select u1_0.id,u1_0.email,u1_0.full_name,u1_0.password,u1_0.role from users u1_0 where u1_0.email=?
Hibernate: select u1_0.id,u1_0.email,u1_0.full_name,u1_0.password,u1_0.role from users u1_0 where u1_0.email=?
Hibernate: select p1_0.id,p1_0.contact_number,p1_0.dob,p1_0.gender,p1_0.user_id from patients p1_0 where p1_0.user_id=?
Hibernate: select a1_0.id,a1_0.date_time,a1_0.doctor_id,a1_0.notes,a1_0.patient_id,a1_0.status from appointments a1_0 where a1_0.patient_id=?
Hibernate: select d1_0.id,d1_0.experience_years,d1_0.specialization,d1_0.status,u1_0.id,u1_0.email,u1_0.full_name,u1_0.password,u1_0.role from doctors d1_0 left join users u1_0 on u1_0.id=d1_0.user_id where d1_0.id=?
Hibernate: select d1_0.id,d1_0.experience_years,d1_0.specialization,d1_0.status,u1_0.id,u1_0.email,u1_0.full_name,u1_0.password,u1_0.role from doctors d1_0 left join users u1_0 on u1_0.id=d1_0.user_id where d1_0.id=?
Hibernate: select u1_0.id,u1_0.email,u1_0.full_name,u1_0.password,u1_0.role from users u1_0 where u1_0.email=?
Hibernate: select u1_0.id,u1_0.email,u1_0.full_name,u1_0.password,u1_0.role from users u1_0 where u1_0.email=?
Hibernate: select p1_0.id,p1_0.contact_number,p1_0.dob,p1_0.gender,p1_0.user_id from patients p1_0 where p1_0.user_id=?
Hibernate: select a1_0.id,a1_0.date_time,a1_0.doctor_id,a1_0.notes,a1_0.patient_id,a1_0.status from appointments a1_0 where a1_0.patient_id=?
Hibernate: select d1_0.id,d1_0.experience_years,d1_0.specialization,d1_0.status,u1_0.id,u1_0.email,u1_0.full_name,u1_0.password,u1_0.role from doctors d1_0 left join users u1_0 on u1_0.id=d1_0.user_id where d1_0.id=?
Hibernate: select d1_0.id,d1_0.experience_years,d1_0.specialization,d1_0.status,u1_0.id,u1_0.email,u1_0.full_name,u1_0.password,u1_0.role from doctors d1_0 left join users u1_0 on u1_0.id=d1_0.user_id where d1_0.id=?
Hibernate: select u1_0.id,u1_0.email,u1_0.full_name,u1_0.password,u1_0.role from users u1_0 where u1_0.email=?
Hibernate: select u1_0.id,u1_0.email,u1_0.full_name,u1_0.password,u1_0.role from users u1_0 where u1_0.email=?
Hibernate: select p1_0.id,p1_0.contact_number,p1_0.dob,p1_0.gender,p1_0.user_id from patients p1_0 where p1_0.user_id=?
Hibernate: select a1_0.id,a1_0.date_time,a1_0.doctor_id,a1_0.notes,a1_0.patient_id,a1_0.status from appointments a1_0 where a1_0.patient_id=?
Hibernate: select d1_0.id,d1_0.experience_years,d1_0.specialization,d1_0.status,u1_0.id,u1_0.email,u1_0.full_name,u1_0.password,u1_0.role from doctors d1_0 left join users u1_0 on u1_0.id=d1_0.user_id where d1_0.id=?
Hibernate: select d1_0.id,d1_0.experience_years,d1_0.specialization,d1_0.status,u1_0.id,u1_0.email,u1_0.full_name,u1_0.password,u1_0.role from doctors d1_0 left join users u1_0 on u1_0.id=d1_0.user_id where d1_0.id=?
Hibernate: select u1_0.id,u1_0.email,u1_0.full_name,u1_0.password,u1_0.role from users u1_0 where u1_0.email=?
Hibernate: select u1_0.id,u1_0.email,u1_0.full_name,u1_0.password,u1_0.role from users u1_0 where u1_0.email=?
Hibernate: select p1_0.id,p1_0.contact_number,p1_0.dob,p1_0.gender,p1_0.user_id from patients p1_0 where p1_0.user_id=?
Hibernate: select a1_0.id,a1_0.date_time,a1_0.doctor_id,a1_0.notes,a1_0.patient_id,a1_0.status from appointments a1_0 where a1_0.patient_id=?
Hibernate: select d1_0.id,d1_0.experience_years,d1_0.specialization,d1_0.status,u1_0.id,u1_0.email,u1_0.full_name,u1_0.password,u1_0.role from doctors d1_0 left join users u1_0 on u1_0.id=d1_0.user_id where d1_0.id=?
Hibernate: select d1_0.id,d1_0.experience_years,d1_0.specialization,d1_0.status,u1_0.id,u1_0.email,u1_0.full_name,u1_0.password,u1_0.role from doctors d1_0 left join users u1_0 on u1_0.id=d1_0.user_id where d1_0.id=?
Hibernate: select u1_0.id,u1_0.email,u1_0.full_name,u1_0.password,u1_0.role from users u1_0 where u1_0.email=?
Hibernate: select u1_0.id,u1_0.email,u1_0.full_name,u1_0.password,u1_0.role from users u1_0 where u1_0.email=?
Hibernate: select p1_0.id,p1_0.contact_number,p1_0.dob,p1_0.gender,p1_0.user_id from patients p1_0 where p1_0.user_id=?
Hibernate: select a1_0.id,a1_0.date_time,a1_0.doctor_id,a1_0.notes,a1_0.patient_id,a1_0.status from appointments a1_0 where a1_0.patient_id=?
Hibernate: select d1_0.id,d1_0.experience_years,d1_0.specialization,d1_0.status,u1_0.id,u1_0.email,u1_0.full_name,u1_0.password,u1_0.role from doctors d1_0 left join users u1_0 on u1_0.id=d1_0.user_id where d1_0.id=?
Hibernate: select d1_0.id,d1_0.experience_years,d1_0.specialization,d1_0.status,u1_0.id,u1_0.email,u1_0.full_name,u1_0.password,u1_0.role from doctors d1_0 left join users u1_0 on u1_0.id=d1_0.user_id where d1_0.id=?
Hibernate: select u1_0.id,u1_0.email,u1_0.full_name,u1_0.password,u1_0.role from users u1_0 where u1_0.email=?
Hibernate: select u1_0.id,u1_0.email,u1_0.full_name,u1_0.password,u1_0.role from users u1_0 where u1_0.email=?
Hibernate: select p1_0.id,p1_0.contact_number,p1_0.dob,p1_0.gender,p1_0.user_id from patients p1_0 where p1_0.user_id=?
Hibernate: select a1_0.id,a1_0.date_time,a1_0.doctor_id,a1_0.notes,a1_0.patient_id,a1_0.status from appointments a1_0 where a1_0.patient_id=?
Hibernate: select d1_0.id,d1_0.experience_years,d1_0.specialization,d1_0.status,u1_0.id,u1_0.email,u1_0.full_name,u1_0.password,u1_0.role from doctors d1_0 left join users u1_0 on u1_0.id=d1_0.user_id where d1_0.id=?
Hibernate: select d1_0.id,d1_0.experience_years,d1_0.specialization,d1_0.status,u1_0.id,u1_0.email,u1_0.full_name,u1_0.password,u1_0.role from doctors d1_0 left join users u1_0 on u1_0.id=d1_0.user_id where d1_0.id=?
Hibernate: select u1_0.id,u1_0.email,u1_0.full_name,u1_0.password,u1_0.role from users u1_0 where u1_0.email=?
Hibernate: select u1_0.id,u1_0.email,u1_0.full_name,u1_0.password,u1_0.role from users u1_0 where u1_0.email=?
Hibernate: select p1_0.id,p1_0.contact_number,p1_0.dob,p1_0.gender,p1_0.user_id from patients p1_0 where p1_0.user_id=?
Hibernate: select a1_0.id,a1_0.date_time,a1_0.doctor_id,a1_0.notes,a1_0.patient_id,a1_0.status from appointments a1_0 where a1_0.patient_id=?
Hibernate: select d1_0.id,d1_0.experience_years,d1_0.specialization,d1_0.status,u1_0.id,u1_0.email,u1_0.full_name,u1_0.password,u1_0.role from doctors d1_0 left join users u1_0 on u1_0.id=d1_0.user_id where d1_0.id=?
Hibernate: select d1_0.id,d1_0.experience_years,d1_0.specialization,d1_0.status,u1_0.id,u1_0.email,u1_0.full_name,u1_0.password,u1_0.role from doctors d1_0 left join users u1_0 on u1_0.id=d1_0.user_id where d1_0.id=?
Hibernate: select u1_0.id,u1_0.email,u1_0.full_name,u1_0.password,u1_0.role from users u1_0 where u1_0.email=?
Hibernate: select u1_0.id,u1_0.email,u1_0.full_name,u1_0.password,u1_0.role from users u1_0 where u1_0.email=?
Hibernate: select p1_0.id,p1_0.contact_number,p1_0.dob,p1_0.gender,p1_0.user_id from patients p1_0 where p1_0.user_id=?
Hibernate: select a1_0.id,a1_0.date_time,a1_0.doctor_id,a1_0.notes,a1_0.patient_id,a1_0.status from appointments a1_0 where a1_0.patient_id=?
Hibernate: select d1_0.id,d1_0.experience_years,d1_0.specialization,d1_0.status,u1_0.id,u1_0.email,u1_0.full_name,u1_0.password,u1_0.role from doctors d1_0 left join users u1_0 on u1_0.id=d1_0.user_id where d1_0.id=?
Hibernate: select d1_0.id,d1_0.experience_years,d1_0.specialization,d1_0.status,u1_0.id,u1_0.email,u1_0.full_name,u1_0.password,u1_0.role from doctors d1_0 left join users u1_0 on u1_0.id=d1_0.user_id where d1_0.id=?
Hibernate: select u1_0.id,u1_0.email,u1_0.full_name,u1_0.password,u1_0.role from users u1_0 where u1_0.email=?
Hibernate: select u1_0.id,u1_0.email,u1_0.full_name,u1_0.password,u1_0.role from users u1_0 where u1_0.email=?
Hibernate: select p1_0.id,p1_0.contact_number,p1_0.dob,p1_0.gender,p1_0.user_id from patients p1_0 where p1_0.user_id=?
Hibernate: select a1_0.id,a1_0.date_time,a1_0.doctor_id,a1_0.notes,a1_0.patient_id,a1_0.status from appointments a1_0 where a1_0.patient_id=?
Hibernate: select d1_0.id,d1_0.experience_years,d1_0.specialization,d1_0.status,u1_0.id,u1_0.email,u1_0.full_name,u1_0.password,u1_0.role from doctors d1_0 left join users u1_0 on u1_0.id=d1_0.user_id where d1_0.id=?
Hibernate: select d1_0.id,d1_0.experience_years,d1_0.specialization,d1_0.status,u1_0.id,u1_0.email,u1_0.full_name,u1_0.password,u1_0.role from doctors d1_0 left join users u1_0 on u1_0.id=d1_0.user_id where d1_0.id=?
Hibernate: select u1_0.id,u1_0.email,u1_0.full_name,u1_0.password,u1_0.role from users u1_0 where u1_0.email=?
Hibernate: select u1_0.id,u1_0.email,u1_0.full_name,u1_0.password,u1_0.role from users u1_0 where u1_0.email=?
Hibernate: select p1_0.id,p1_0.contact_number,p1_0.dob,p1_0.gender,p1_0.user_id from patients p1_0 where p1_0.user_id=?
Hibernate: select a1_0.id,a1_0.date_time,a1_0.doctor_id,a1_0.notes,a1_0.patient_id,a1_0.status from appointments a1_0 where a1_0.patient_id=?
Hibernate: select d1_0.id,d1_0.experience_years,d1_0.specialization,d1_0.status,u1_0.id,u1_0.email,u1_0.full_name,u1_0.password,u1_0.role from doctors d1_0 left join users u1_0 on u1_0.id=d1_0.user_id where d1_0.id=?
Hibernate: select d1_0.id,d1_0.experience_years,d1_0.specialization,d1_0.status,u1_0.id,u1_0.email,u1_0.full_name,u1_0.password,u1_0.role from doctors d1_0 left join users u1_0 on u1_0.id=d1_0.user_id where d1_0.id=?
Hibernate: select u1_0.id,u1_0.email,u1_0.full_name,u1_0.password,u1_0.role from users u1_0 where u1_0.email=?
Hibernate: select u1_0.id,u1_0.email,u1_0.full_name,u1_0.password,u1_0.role from users u1_0 where u1_0.email=?
Hibernate: select p1_0.id,p1_0.contact_number,p1_0.dob,p1_0.gender,p1_0.user_id from patients p1_0 where p1_0.user_id=?
Hibernate: select a1_0.id,a1_0.date_time,a1_0.doctor_id,a1_0.notes,a1_0.patient_id,a1_0.status from appointments a1_0 where a1_0.patient_id=?
Hibernate: select d1_0.id,d1_0.experience_years,d1_0.specialization,d1_0.status,u1_0.id,u1_0.email,u1_0.full_name,u1_0.password,u1_0.role from doctors d1_0 left join users u1_0 on u1_0.id=d1_0.user_id where d1_0.id=?
Hibernate: select d1_0.id,d1_0.experience_years,d1_0.specialization,d1_0.status,u1_0.id,u1_0.email,u1_0.full_name,u1_0.password,u1_0.role from doctors d1_0 left join users u1_0 on u1_0.id=d1_0.user_id where d1_0.id=?
Hibernate: select u1_0.id,u1_0.email,u1_0.full_name,u1_0.password,u1_0.role from users u1_0 where u1_0.email=?
Hibernate: select u1_0.id,u1_0.email,u1_0.full_name,u1_0.password,u1_0.role from users u1_0 where u1_0.email=?
Hibernate: select p1_0.id,p1_0.contact_number,p1_0.dob,p1_0.gender,p1_0.user_id from patients p1_0 where p1_0.user_id=?
Hibernate: select a1_0.id,a1_0.date_time,a1_0.doctor_id,a1_0.notes,a1_0.patient_id,a1_0.status from appointments a1_0 where a1_0.patient_id=?
Hibernate: select d1_0.id,d1_0.experience_years,d1_0.specialization,d1_0.status,u1_0.id,u1_0.email,u1_0.full_name,u1_0.password,u1_0.role from doctors d1_0 left join users u1_0 on u1_0.id=d1_0.user_id where d1_0.id=?
Hibernate: select d1_0.id,d1_0.experience_years,d1_0.specialization,d1_0.status,u1_0.id,u1_0.email,u1_0.full_name,u1_0.password,u1_0.role from doctors d1_0 left join users u1_0 on u1_0.id=d1_0.user_id where d1_0.id=?
Hibernate: select u1_0.id,u1_0.email,u1_0.full_name,u1_0.password,u1_0.role from users u1_0 where u1_0.email=?
Hibernate: select u1_0.id,u1_0.email,u1_0.full_name,u1_0.password,u1_0.role from users u1_0 where u1_0.email=?
Hibernate: select p1_0.id,p1_0.contact_number,p1_0.dob,p1_0.gender,p1_0.user_id from patients p1_0 where p1_0.user_id=?
Hibernate: select a1_0.id,a1_0.date_time,a1_0.doctor_id,a1_0.notes,a1_0.patient_id,a1_0.status from appointments a1_0 where a1_0.patient_id=?
Hibernate: select d1_0.id,d1_0.experience_years,d1_0.specialization,d1_0.status,u1_0.id,u1_0.email,u1_0.full_name,u1_0.password,u1_0.role from doctors d1_0 left join users u1_0 on u1_0.id=d1_0.user_id where d1_0.id=?
Hibernate: select d1_0.id,d1_0.experience_years,d1_0.specialization,d1_0.status,u1_0.id,u1_0.email,u1_0.full_name,u1_0.password,u1_0.role from doctors d1_0 left join users u1_0 on u1_0.id=d1_0.user_id where d1_0.id=?
Hibernate: select u1_0.id,u1_0.email,u1_0.full_name,u1_0.password,u1_0.role from users u1_0 where u1_0.email=?
Hibernate: select u1_0.id,u1_0.email,u1_0.full_name,u1_0.password,u1_0.role from users u1_0 where u1_0.email=?
Hibernate: select p1_0.id,p1_0.contact_number,p1_0.dob,p1_0.gender,p1_0.user_id from patients p1_0 where p1_0.user_id=?
Hibernate: select a1_0.id,a1_0.date_time,a1_0.doctor_id,a1_0.notes,a1_0.patient_id,a1_0.status from appointments a1_0 where a1_0.patient_id=?
Hibernate: select d1_0.id,d1_0.experience_years,d1_0.specialization,d1_0.status,u1_0.id,u1_0.email,u1_0.full_name,u1_0.password,u1_0.role from doctors d1_0 left join users u1_0 on u1_0.id=d1_0.user_id where d1_0.id=?
Hibernate: select d1_0.id,d1_0.experience_years,d1_0.specialization,d1_0.status,u1_0.id,u1_0.email,u1_0.full_name,u1_0.password,u1_0.role from doctors d1_0 left join users u1_0 on u1_0.id=d1_0.user_id where d1_0.id=?
Hibernate: select u1_0.id,u1_0.email,u1_0.full_name,u1_0.password,u1_0.role from users u1_0 where u1_0.email=?
Hibernate: select u1_0.id,u1_0.email,u1_0.full_name,u1_0.password,u1_0.role from users u1_0 where u1_0.email=?
Hibernate: select p1_0.id,p1_0.contact_number,p1_0.dob,p1_0.gender,p1_0.user_id from patients p1_0 where p1_0.user_id=?
Hibernate: select a1_0.id,a1_0.date_time,a1_0.doctor_id,a1_0.notes,a1_0.patient_id,a1_0.status from appointments a1_0 where a1_0.patient_id=?
Hibernate: select d1_0.id,d1_0.experience_years,d1_0.specialization,d1_0.status,u1_0.id,u1_0.email,u1_0.full_name,u1_0.password,u1_0.role from doctors d1_0 left join users u1_0 on u1_0.id=d1_0.user_id where d1_0.id=?
Hibernate: select d1_0.id,d1_0.experience_years,d1_0.specialization,d1_0.status,u1_0.id,u1_0.email,u1_0.full_name,u1_0.password,u1_0.role from doctors d1_0 left join users u1_0 on u1_0.id=d1_0.user_id where d1_0.id=?
Hibernate: select u1_0.id,u1_0.email,u1_0.full_name,u1_0.password,u1_0.role from users u1_0 where u1_0.email=?
Hibernate: select u1_0.id,u1_0.email,u1_0.full_name,u1_0.password,u1_0.role from users u1_0 where u1_0.email=?
Hibernate: select u1_0.id,u1_0.email,u1_0.full_name,u1_0.password,u1_0.role from users u1_0 where u1_0.email=?
Hibernate: select u1_0.id,u1_0.email,u1_0.full_name,u1_0.password,u1_0.role from users u1_0 where u1_0.email=?
Hibernate: select p1_0.id,p1_0.contact_number,p1_0.dob,p1_0.gender,p1_0.user_id from patients p1_0 where p1_0.user_id=?
Hibernate: select a1_0.id,a1_0.date_time,a1_0.doctor_id,a1_0.notes,a1_0.patient_id,a1_0.status from appointments a1_0 where a1_0.patient_id=?
Hibernate: select d1_0.id,d1_0.experience_years,d1_0.specialization,d1_0.status,u1_0.id,u1_0.email,u1_0.full_name,u1_0.password,u1_0.role from doctors d1_0 left join users u1_0 on u1_0.id=d1_0.user_id where d1_0.id=?
Hibernate: select d1_0.id,d1_0.experience_years,d1_0.specialization,d1_0.status,u1_0.id,u1_0.email,u1_0.full_name,u1_0.password,u1_0.role from doctors d1_0 left join users u1_0 on u1_0.id=d1_0.user_id where d1_0.id=?
Hibernate: select u1_0.id,u1_0.email,u1_0.full_name,u1_0.password,u1_0.role from users u1_0 where u1_0.email=?
Hibernate: select u1_0.id,u1_0.email,u1_0.full_name,u1_0.password,u1_0.role from users u1_0 where u1_0.email=?
Hibernate: select p1_0.id,p1_0.contact_number,p1_0.dob,p1_0.gender,p1_0.user_id from patients p1_0 where p1_0.user_id=?
Hibernate: select a1_0.id,a1_0.date_time,a1_0.doctor_id,a1_0.notes,a1_0.patient_id,a1_0.status from appointments a1_0 where a1_0.patient_id=?
Hibernate: select d1_0.id,d1_0.experience_years,d1_0.specialization,d1_0.status,u1_0.id,u1_0.email,u1_0.full_name,u1_0.password,u1_0.role from doctors d1_0 left join users u1_0 on u1_0.id=d1_0.user_id where d1_0.id=?
Hibernate: select d1_0.id,d1_0.experience_years,d1_0.specialization,d1_0.status,u1_0.id,u1_0.email,u1_0.full_name,u1_0.password,u1_0.role from doctors d1_0 left join users u1_0 on u1_0.id=d1_0.user_id where d1_0.id=?
Hibernate: select u1_0.id,u1_0.email,u1_0.full_name,u1_0.password,u1_0.role from users u1_0 where u1_0.email=?
Hibernate: select u1_0.id,u1_0.email,u1_0.full_name,u1_0.password,u1_0.role from users u1_0 where u1_0.email=?
Hibernate: select p1_0.id,p1_0.contact_number,p1_0.dob,p1_0.gender,p1_0.user_id from patients p1_0 where p1_0.user_id=?
Hibernate: select a1_0.id,a1_0.date_time,a1_0.doctor_id,a1_0.notes,a1_0.patient_id,a1_0.status from appointments a1_0 where a1_0.patient_id=?
Hibernate: select d1_0.id,d1_0.experience_years,d1_0.specialization,d1_0.status,u1_0.id,u1_0.email,u1_0.full_name,u1_0.password,u1_0.role from doctors d1_0 left join users u1_0 on u1_0.id=d1_0.user_id where d1_0.id=?
Hibernate: select d1_0.id,d1_0.experience_years,d1_0.specialization,d1_0.status,u1_0.id,u1_0.email,u1_0.full_name,u1_0.password,u1_0.role from doctors d1_0 left join users u1_0 on u1_0.id=d1_0.user_id where d1_0.id=?
Hibernate: select u1_0.id,u1_0.email,u1_0.full_name,u1_0.password,u1_0.role from users u1_0 where u1_0.email=?
Hibernate: select u1_0.id,u1_0.email,u1_0.full_name,u1_0.password,u1_0.role from users u1_0 where u1_0.email=?
Hibernate: select p1_0.id,p1_0.contact_number,p1_0.dob,p1_0.gender,p1_0.user_id from patients p1_0 where p1_0.user_id=?
Hibernate: select a1_0.id,a1_0.date_time,a1_0.doctor_id,a1_0.notes,a1_0.patient_id,a1_0.status from appointments a1_0 where a1_0.patient_id=?
Hibernate: select d1_0.id,d1_0.experience_years,d1_0.specialization,d1_0.status,u1_0.id,u1_0.email,u1_0.full_name,u1_0.password,u1_0.role from doctors d1_0 left join users u1_0 on u1_0.id=d1_0.user_id where d1_0.id=?
Hibernate: select d1_0.id,d1_0.experience_years,d1_0.specialization,d1_0.status,u1_0.id,u1_0.email,u1_0.full_name,u1_0.password,u1_0.role from doctors d1_0 left join users u1_0 on u1_0.id=d1_0.user_id where d1_0.id=?
Hibernate: select u1_0.id,u1_0.email,u1_0.full_name,u1_0.password,u1_0.role from users u1_0 where u1_0.email=?
Hibernate: select u1_0.id,u1_0.email,u1_0.full_name,u1_0.password,u1_0.role from users u1_0 where u1_0.email=?
Hibernate: select p1_0.id,p1_0.contact_number,p1_0.dob,p1_0.gender,p1_0.user_id from patients p1_0 where p1_0.user_id=?
Hibernate: select a1_0.id,a1_0.date_time,a1_0.doctor_id,a1_0.notes,a1_0.patient_id,a1_0.status from appointments a1_0 where a1_0.patient_id=?
Hibernate: select d1_0.id,d1_0.experience_years,d1_0.specialization,d1_0.status,u1_0.id,u1_0.email,u1_0.full_name,u1_0.password,u1_0.role from doctors d1_0 left join users u1_0 on u1_0.id=d1_0.user_id where d1_0.id=?
Hibernate: select d1_0.id,d1_0.experience_years,d1_0.specialization,d1_0.status,u1_0.id,u1_0.email,u1_0.full_name,u1_0.password,u1_0.role from doctors d1_0 left join users u1_0 on u1_0.id=d1_0.user_id where d1_0.id=?
Hibernate: select u1_0.id,u1_0.email,u1_0.full_name,u1_0.password,u1_0.role from users u1_0 where u1_0.email=?
Hibernate: select u1_0.id,u1_0.email,u1_0.full_name,u1_0.password,u1_0.role from users u1_0 where u1_0.email=?
Hibernate: select p1_0.id,p1_0.contact_number,p1_0.dob,p1_0.gender,p1_0.user_id from patients p1_0 where p1_0.user_id=?
Hibernate: select a1_0.id,a1_0.date_time,a1_0.doctor_id,a1_0.notes,a1_0.patient_id,a1_0.status from appointments a1_0 where a1_0.patient_id=?
Hibernate: select d1_0.id,d1_0.experience_years,d1_0.specialization,d1_0.status,u1_0.id,u1_0.email,u1_0.full_name,u1_0.password,u1_0.role from doctors d1_0 left join users u1_0 on u1_0.id=d1_0.user_id where d1_0.id=?
Hibernate: select d1_0.id,d1_0.experience_years,d1_0.specialization,d1_0.status,u1_0.id,u1_0.email,u1_0.full_name,u1_0.password,u1_0.role from doctors d1_0 left join users u1_0 on u1_0.id=d1_0.user_id where d1_0.id=?
2026-01-26T00:56:36.910+05:45  WARN 73111 --- [nepheal-backend] [l-1:housekeeper] com.zaxxer.hikari.pool.HikariPool        : HikariPool-1 - Thread starvation or clock leap detected (housekeeper delta=1m55s134ms).
2026-01-26T01:01:15.360+05:45  WARN 73111 --- [nepheal-backend] [l-1:housekeeper] com.zaxxer.hikari.pool.HikariPool        : HikariPool-1 - Thread starvation or clock leap detected (housekeeper delta=1m8s412ms).
Hibernate: select u1_0.id,u1_0.email,u1_0.full_name,u1_0.password,u1_0.role from users u1_0 where u1_0.email=?
Hibernate: select u1_0.id,u1_0.email,u1_0.full_name,u1_0.password,u1_0.role from users u1_0 where u1_0.email=?
Hibernate: select u1_0.id,u1_0.email,u1_0.full_name,u1_0.password,u1_0.role from users u1_0 where u1_0.email=?
Hibernate: select u1_0.id,u1_0.email,u1_0.full_name,u1_0.password,u1_0.role from users u1_0 where u1_0.email=?
Hibernate: select u1_0.id,u1_0.email,u1_0.full_name,u1_0.password,u1_0.role from users u1_0 where u1_0.email=?
Hibernate: select p1_0.id,p1_0.contact_number,p1_0.dob,p1_0.gender,p1_0.user_id from patients p1_0 where p1_0.user_id=?
Hibernate: select a1_0.id,a1_0.date_time,a1_0.doctor_id,a1_0.notes,a1_0.patient_id,a1_0.status from appointments a1_0 where a1_0.patient_id=?
Hibernate: select d1_0.id,d1_0.experience_years,d1_0.specialization,d1_0.status,u1_0.id,u1_0.email,u1_0.full_name,u1_0.password,u1_0.role from doctors d1_0 left join users u1_0 on u1_0.id=d1_0.user_id where d1_0.id=?
Hibernate: select d1_0.id,d1_0.experience_years,d1_0.specialization,d1_0.status,u1_0.id,u1_0.email,u1_0.full_name,u1_0.password,u1_0.role from doctors d1_0 left join users u1_0 on u1_0.id=d1_0.user_id where d1_0.id=?
Hibernate: select u1_0.id,u1_0.email,u1_0.full_name,u1_0.password,u1_0.role from users u1_0 where u1_0.email=?
Hibernate: select u1_0.id,u1_0.email,u1_0.full_name,u1_0.password,u1_0.role from users u1_0 where u1_0.email=?
Hibernate: select p1_0.id,p1_0.contact_number,p1_0.dob,p1_0.gender,p1_0.user_id from patients p1_0 where p1_0.user_id=?
Hibernate: select a1_0.id,a1_0.date_time,a1_0.doctor_id,a1_0.notes,a1_0.patient_id,a1_0.status from appointments a1_0 where a1_0.patient_id=?
Hibernate: select d1_0.id,d1_0.experience_years,d1_0.specialization,d1_0.status,u1_0.id,u1_0.email,u1_0.full_name,u1_0.password,u1_0.role from doctors d1_0 left join users u1_0 on u1_0.id=d1_0.user_id where d1_0.id=?
Hibernate: select d1_0.id,d1_0.experience_years,d1_0.specialization,d1_0.status,u1_0.id,u1_0.email,u1_0.full_name,u1_0.password,u1_0.role from doctors d1_0 left join users u1_0 on u1_0.id=d1_0.user_id where d1_0.id=?
Hibernate: select u1_0.id,u1_0.email,u1_0.full_name,u1_0.password,u1_0.role from users u1_0 where u1_0.email=?
Hibernate: select u1_0.id,u1_0.email,u1_0.full_name,u1_0.password,u1_0.role from users u1_0 where u1_0.email=?
Hibernate: select p1_0.id,p1_0.contact_number,p1_0.dob,p1_0.gender,p1_0.user_id from patients p1_0 where p1_0.user_id=?
Hibernate: select a1_0.id,a1_0.date_time,a1_0.doctor_id,a1_0.notes,a1_0.patient_id,a1_0.status from appointments a1_0 where a1_0.patient_id=?
Hibernate: select d1_0.id,d1_0.experience_years,d1_0.specialization,d1_0.status,u1_0.id,u1_0.email,u1_0.full_name,u1_0.password,u1_0.role from doctors d1_0 left join users u1_0 on u1_0.id=d1_0.user_id where d1_0.id=?
Hibernate: select d1_0.id,d1_0.experience_years,d1_0.specialization,d1_0.status,u1_0.id,u1_0.email,u1_0.full_name,u1_0.password,u1_0.role from doctors d1_0 left join users u1_0 on u1_0.id=d1_0.user_id where d1_0.id=?
Hibernate: select u1_0.id,u1_0.email,u1_0.full_name,u1_0.password,u1_0.role from users u1_0 where u1_0.email=?
Hibernate: select u1_0.id,u1_0.email,u1_0.full_name,u1_0.password,u1_0.role from users u1_0 where u1_0.email=?
Hibernate: select p1_0.id,p1_0.contact_number,p1_0.dob,p1_0.gender,p1_0.user_id from patients p1_0 where p1_0.user_id=?
Hibernate: select a1_0.id,a1_0.date_time,a1_0.doctor_id,a1_0.notes,a1_0.patient_id,a1_0.status from appointments a1_0 where a1_0.patient_id=?
Hibernate: select d1_0.id,d1_0.experience_years,d1_0.specialization,d1_0.status,u1_0.id,u1_0.email,u1_0.full_name,u1_0.password,u1_0.role from doctors d1_0 left join users u1_0 on u1_0.id=d1_0.user_id where d1_0.id=?
Hibernate: select d1_0.id,d1_0.experience_years,d1_0.specialization,d1_0.status,u1_0.id,u1_0.email,u1_0.full_name,u1_0.password,u1_0.role from doctors d1_0 left join users u1_0 on u1_0.id=d1_0.user_id where d1_0.id=?
Hibernate: select u1_0.id,u1_0.email,u1_0.full_name,u1_0.password,u1_0.role from users u1_0 where u1_0.email=?
Hibernate: select u1_0.id,u1_0.email,u1_0.full_name,u1_0.password,u1_0.role from users u1_0 where u1_0.email=?
Hibernate: select u1_0.id,u1_0.email,u1_0.full_name,u1_0.password,u1_0.role from users u1_0 where u1_0.email=?
Hibernate: select u1_0.id,u1_0.email,u1_0.full_name,u1_0.password,u1_0.role from users u1_0 where u1_0.email=?
Hibernate: select u1_0.id,u1_0.email,u1_0.full_name,u1_0.password,u1_0.role from users u1_0 where u1_0.email=?
Hibernate: select p1_0.id,p1_0.contact_number,p1_0.dob,p1_0.gender,p1_0.user_id from patients p1_0 where p1_0.user_id=?
Hibernate: select a1_0.id,a1_0.date_time,a1_0.doctor_id,a1_0.notes,a1_0.patient_id,a1_0.status from appointments a1_0 where a1_0.patient_id=?
Hibernate: select d1_0.id,d1_0.experience_years,d1_0.specialization,d1_0.status,u1_0.id,u1_0.email,u1_0.full_name,u1_0.password,u1_0.role from doctors d1_0 left join users u1_0 on u1_0.id=d1_0.user_id where d1_0.id=?
Hibernate: select d1_0.id,d1_0.experience_years,d1_0.specialization,d1_0.status,u1_0.id,u1_0.email,u1_0.full_name,u1_0.password,u1_0.role from doctors d1_0 left join users u1_0 on u1_0.id=d1_0.user_id where d1_0.id=?
Hibernate: select u1_0.id,u1_0.email,u1_0.full_name,u1_0.password,u1_0.role from users u1_0 where u1_0.email=?
Hibernate: select u1_0.id,u1_0.email,u1_0.full_name,u1_0.password,u1_0.role from users u1_0 where u1_0.email=?
Hibernate: select p1_0.id,p1_0.contact_number,p1_0.dob,p1_0.gender,p1_0.user_id from patients p1_0 where p1_0.user_id=?
Hibernate: select a1_0.id,a1_0.date_time,a1_0.doctor_id,a1_0.notes,a1_0.patient_id,a1_0.status from appointments a1_0 where a1_0.patient_id=?
Hibernate: select d1_0.id,d1_0.experience_years,d1_0.specialization,d1_0.status,u1_0.id,u1_0.email,u1_0.full_name,u1_0.password,u1_0.role from doctors d1_0 left join users u1_0 on u1_0.id=d1_0.user_id where d1_0.id=?
Hibernate: select d1_0.id,d1_0.experience_years,d1_0.specialization,d1_0.status,u1_0.id,u1_0.email,u1_0.full_name,u1_0.password,u1_0.role from doctors d1_0 left join users u1_0 on u1_0.id=d1_0.user_id where d1_0.id=?
Hibernate: select u1_0.id,u1_0.email,u1_0.full_name,u1_0.password,u1_0.role from users u1_0 where u1_0.email=?
Hibernate: select u1_0.id,u1_0.email,u1_0.full_name,u1_0.password,u1_0.role from users u1_0 where u1_0.email=?
Hibernate: select u1_0.id,u1_0.email,u1_0.full_name,u1_0.password,u1_0.role from users u1_0 where u1_0.email=?
Hibernate: select u1_0.id,u1_0.email,u1_0.full_name,u1_0.password,u1_0.role from users u1_0 where u1_0.email=?
Hibernate: select p1_0.id,p1_0.contact_number,p1_0.dob,p1_0.gender,p1_0.user_id from patients p1_0 where p1_0.user_id=?
Hibernate: select a1_0.id,a1_0.date_time,a1_0.doctor_id,a1_0.notes,a1_0.patient_id,a1_0.status from appointments a1_0 where a1_0.patient_id=?
Hibernate: select d1_0.id,d1_0.experience_years,d1_0.specialization,d1_0.status,u1_0.id,u1_0.email,u1_0.full_name,u1_0.password,u1_0.role from doctors d1_0 left join users u1_0 on u1_0.id=d1_0.user_id where d1_0.id=?
Hibernate: select d1_0.id,d1_0.experience_years,d1_0.specialization,d1_0.status,u1_0.id,u1_0.email,u1_0.full_name,u1_0.password,u1_0.role from doctors d1_0 left join users u1_0 on u1_0.id=d1_0.user_id where d1_0.id=?
Hibernate: select u1_0.id,u1_0.email,u1_0.full_name,u1_0.password,u1_0.role from users u1_0 where u1_0.email=?
Hibernate: select u1_0.id,u1_0.email,u1_0.full_name,u1_0.password,u1_0.role from users u1_0 where u1_0.email=?
Hibernate: select p1_0.id,p1_0.contact_number,p1_0.dob,p1_0.gender,p1_0.user_id from patients p1_0 where p1_0.user_id=?
Hibernate: select a1_0.id,a1_0.date_time,a1_0.doctor_id,a1_0.notes,a1_0.patient_id,a1_0.status from appointments a1_0 where a1_0.patient_id=?
Hibernate: select d1_0.id,d1_0.experience_years,d1_0.specialization,d1_0.status,u1_0.id,u1_0.email,u1_0.full_name,u1_0.password,u1_0.role from doctors d1_0 left join users u1_0 on u1_0.id=d1_0.user_id where d1_0.id=?
Hibernate: select d1_0.id,d1_0.experience_years,d1_0.specialization,d1_0.status,u1_0.id,u1_0.email,u1_0.full_name,u1_0.password,u1_0.role from doctors d1_0 left join users u1_0 on u1_0.id=d1_0.user_id where d1_0.id=?
Hibernate: select u1_0.id,u1_0.email,u1_0.full_name,u1_0.password,u1_0.role from users u1_0 where u1_0.email=?
Hibernate: select u1_0.id,u1_0.email,u1_0.full_name,u1_0.password,u1_0.role from users u1_0 where u1_0.email=?
Hibernate: select u1_0.id,u1_0.email,u1_0.full_name,u1_0.password,u1_0.role from users u1_0 where u1_0.email=?
Hibernate: select u1_0.id,u1_0.email,u1_0.full_name,u1_0.password,u1_0.role from users u1_0 where u1_0.email=?
Hibernate: select p1_0.id,p1_0.contact_number,p1_0.dob,p1_0.gender,p1_0.user_id from patients p1_0 where p1_0.user_id=?
Hibernate: select a1_0.id,a1_0.date_time,a1_0.doctor_id,a1_0.notes,a1_0.patient_id,a1_0.status from appointments a1_0 where a1_0.patient_id=?
Hibernate: select d1_0.id,d1_0.experience_years,d1_0.specialization,d1_0.status,u1_0.id,u1_0.email,u1_0.full_name,u1_0.password,u1_0.role from doctors d1_0 left join users u1_0 on u1_0.id=d1_0.user_id where d1_0.id=?
Hibernate: select d1_0.id,d1_0.experience_years,d1_0.specialization,d1_0.status,u1_0.id,u1_0.email,u1_0.full_name,u1_0.password,u1_0.role from doctors d1_0 left join users u1_0 on u1_0.id=d1_0.user_id where d1_0.id=?
Hibernate: select u1_0.id,u1_0.email,u1_0.full_name,u1_0.password,u1_0.role from users u1_0 where u1_0.email=?
Hibernate: select u1_0.id,u1_0.email,u1_0.full_name,u1_0.password,u1_0.role from users u1_0 where u1_0.email=?
Hibernate: select p1_0.id,p1_0.contact_number,p1_0.dob,p1_0.gender,p1_0.user_id from patients p1_0 where p1_0.user_id=?
Hibernate: select a1_0.id,a1_0.date_time,a1_0.doctor_id,a1_0.notes,a1_0.patient_id,a1_0.status from appointments a1_0 where a1_0.patient_id=?
Hibernate: select d1_0.id,d1_0.experience_years,d1_0.specialization,d1_0.status,u1_0.id,u1_0.email,u1_0.full_name,u1_0.password,u1_0.role from doctors d1_0 left join users u1_0 on u1_0.id=d1_0.user_id where d1_0.id=?
Hibernate: select d1_0.id,d1_0.experience_years,d1_0.specialization,d1_0.status,u1_0.id,u1_0.email,u1_0.full_name,u1_0.password,u1_0.role from doctors d1_0 left join users u1_0 on u1_0.id=d1_0.user_id where d1_0.id=?
Hibernate: select u1_0.id,u1_0.email,u1_0.full_name,u1_0.password,u1_0.role from users u1_0 where u1_0.email=?
Hibernate: select u1_0.id,u1_0.email,u1_0.full_name,u1_0.password,u1_0.role from users u1_0 where u1_0.email=?
Hibernate: select u1_0.id,u1_0.email,u1_0.full_name,u1_0.password,u1_0.role from users u1_0 where u1_0.email=?
Hibernate: select u1_0.id,u1_0.email,u1_0.full_name,u1_0.password,u1_0.role from users u1_0 where u1_0.email=?
Hibernate: select u1_0.id,u1_0.email,u1_0.full_name,u1_0.password,u1_0.role from users u1_0 where u1_0.email=?
Hibernate: select p1_0.id,p1_0.contact_number,p1_0.dob,p1_0.gender,p1_0.user_id from patients p1_0 where p1_0.user_id=?
Hibernate: select a1_0.id,a1_0.date_time,a1_0.doctor_id,a1_0.notes,a1_0.patient_id,a1_0.status from appointments a1_0 where a1_0.patient_id=?
Hibernate: select d1_0.id,d1_0.experience_years,d1_0.specialization,d1_0.status,u1_0.id,u1_0.email,u1_0.full_name,u1_0.password,u1_0.role from doctors d1_0 left join users u1_0 on u1_0.id=d1_0.user_id where d1_0.id=?
Hibernate: select d1_0.id,d1_0.experience_years,d1_0.specialization,d1_0.status,u1_0.id,u1_0.email,u1_0.full_name,u1_0.password,u1_0.role from doctors d1_0 left join users u1_0 on u1_0.id=d1_0.user_id where d1_0.id=?
Hibernate: select u1_0.id,u1_0.email,u1_0.full_name,u1_0.password,u1_0.role from users u1_0 where u1_0.email=?
Hibernate: select u1_0.id,u1_0.email,u1_0.full_name,u1_0.password,u1_0.role from users u1_0 where u1_0.email=?
Hibernate: select p1_0.id,p1_0.contact_number,p1_0.dob,p1_0.gender,p1_0.user_id from patients p1_0 where p1_0.user_id=?
Hibernate: select a1_0.id,a1_0.date_time,a1_0.doctor_id,a1_0.notes,a1_0.patient_id,a1_0.status from appointments a1_0 where a1_0.patient_id=?
Hibernate: select d1_0.id,d1_0.experience_years,d1_0.specialization,d1_0.status,u1_0.id,u1_0.email,u1_0.full_name,u1_0.password,u1_0.role from doctors d1_0 left join users u1_0 on u1_0.id=d1_0.user_id where d1_0.id=?
Hibernate: select d1_0.id,d1_0.experience_years,d1_0.specialization,d1_0.status,u1_0.id,u1_0.email,u1_0.full_name,u1_0.password,u1_0.role from doctors d1_0 left join users u1_0 on u1_0.id=d1_0.user_id where d1_0.id=?
Hibernate: select u1_0.id,u1_0.email,u1_0.full_name,u1_0.password,u1_0.role from users u1_0 where u1_0.email=?
Hibernate: select u1_0.id,u1_0.email,u1_0.full_name,u1_0.password,u1_0.role from users u1_0 where u1_0.email=?
Hibernate: select u1_0.id,u1_0.email,u1_0.full_name,u1_0.password,u1_0.role from users u1_0 where u1_0.email=?
Hibernate: select u1_0.id,u1_0.email,u1_0.full_name,u1_0.password,u1_0.role from users u1_0 where u1_0.email=?
Hibernate: select u1_0.id,u1_0.email,u1_0.full_name,u1_0.password,u1_0.role from users u1_0 where u1_0.email=?
Hibernate: select p1_0.id,p1_0.contact_number,p1_0.dob,p1_0.gender,p1_0.user_id from patients p1_0 where p1_0.user_id=?
Hibernate: select a1_0.id,a1_0.date_time,a1_0.doctor_id,a1_0.notes,a1_0.patient_id,a1_0.status from appointments a1_0 where a1_0.patient_id=?
Hibernate: select d1_0.id,d1_0.experience_years,d1_0.specialization,d1_0.status,u1_0.id,u1_0.email,u1_0.full_name,u1_0.password,u1_0.role from doctors d1_0 left join users u1_0 on u1_0.id=d1_0.user_id where d1_0.id=?
Hibernate: select d1_0.id,d1_0.experience_years,d1_0.specialization,d1_0.status,u1_0.id,u1_0.email,u1_0.full_name,u1_0.password,u1_0.role from doctors d1_0 left join users u1_0 on u1_0.id=d1_0.user_id where d1_0.id=?
Hibernate: select u1_0.id,u1_0.email,u1_0.full_name,u1_0.password,u1_0.role from users u1_0 where u1_0.email=?
Hibernate: select u1_0.id,u1_0.email,u1_0.full_name,u1_0.password,u1_0.role from users u1_0 where u1_0.email=?
Hibernate: select p1_0.id,p1_0.contact_number,p1_0.dob,p1_0.gender,p1_0.user_id from patients p1_0 where p1_0.user_id=?
Hibernate: select a1_0.id,a1_0.date_time,a1_0.doctor_id,a1_0.notes,a1_0.patient_id,a1_0.status from appointments a1_0 where a1_0.patient_id=?
Hibernate: select d1_0.id,d1_0.experience_years,d1_0.specialization,d1_0.status,u1_0.id,u1_0.email,u1_0.full_name,u1_0.password,u1_0.role from doctors d1_0 left join users u1_0 on u1_0.id=d1_0.user_id where d1_0.id=?
Hibernate: select d1_0.id,d1_0.experience_years,d1_0.specialization,d1_0.status,u1_0.id,u1_0.email,u1_0.full_name,u1_0.password,u1_0.role from doctors d1_0 left join users u1_0 on u1_0.id=d1_0.user_id where d1_0.id=?
Hibernate: select u1_0.id,u1_0.email,u1_0.full_name,u1_0.password,u1_0.role from users u1_0 where u1_0.email=?
Hibernate: select u1_0.id,u1_0.email,u1_0.full_name,u1_0.password,u1_0.role from users u1_0 where u1_0.email=?
Hibernate: select u1_0.id,u1_0.email,u1_0.full_name,u1_0.password,u1_0.role from users u1_0 where u1_0.email=?
Hibernate: select u1_0.id,u1_0.email,u1_0.full_name,u1_0.password,u1_0.role from users u1_0 where u1_0.email=?
Hibernate: select p1_0.id,p1_0.contact_number,p1_0.dob,p1_0.gender,p1_0.user_id from patients p1_0 where p1_0.user_id=?
Hibernate: select a1_0.id,a1_0.date_time,a1_0.doctor_id,a1_0.notes,a1_0.patient_id,a1_0.status from appointments a1_0 where a1_0.patient_id=?
Hibernate: select u1_0.id,u1_0.email,u1_0.full_name,u1_0.password,u1_0.role from users u1_0 where u1_0.email=?
Hibernate: select u1_0.id,u1_0.email,u1_0.full_name,u1_0.password,u1_0.role from users u1_0 where u1_0.email=?
Hibernate: select p1_0.id,p1_0.contact_number,p1_0.dob,p1_0.gender,p1_0.user_id from patients p1_0 where p1_0.user_id=?
Hibernate: select a1_0.id,a1_0.date_time,a1_0.doctor_id,a1_0.notes,a1_0.patient_id,a1_0.status from appointments a1_0 where a1_0.patient_id=?
Hibernate: select u1_0.id,u1_0.email,u1_0.full_name,u1_0.password,u1_0.role from users u1_0 where u1_0.email=?
Hibernate: select u1_0.id,u1_0.email,u1_0.full_name,u1_0.password,u1_0.role from users u1_0 where u1_0.email=?
Hibernate: select p1_0.id,p1_0.contact_number,p1_0.dob,p1_0.gender,p1_0.user_id from patients p1_0 where p1_0.user_id=?
Hibernate: select a1_0.id,a1_0.date_time,a1_0.doctor_id,a1_0.notes,a1_0.patient_id,a1_0.status from appointments a1_0 where a1_0.patient_id=?
Hibernate: select u1_0.id,u1_0.email,u1_0.full_name,u1_0.password,u1_0.role from users u1_0 where u1_0.email=?
Hibernate: select u1_0.id,u1_0.email,u1_0.full_name,u1_0.password,u1_0.role from users u1_0 where u1_0.email=?
Hibernate: select p1_0.id,p1_0.contact_number,p1_0.dob,p1_0.gender,p1_0.user_id from patients p1_0 where p1_0.user_id=?
Hibernate: select a1_0.id,a1_0.date_time,a1_0.doctor_id,a1_0.notes,a1_0.patient_id,a1_0.status from appointments a1_0 where a1_0.patient_id=?
Hibernate: select u1_0.id,u1_0.email,u1_0.full_name,u1_0.password,u1_0.role from users u1_0 where u1_0.email=?
Hibernate: select u1_0.id,u1_0.email,u1_0.full_name,u1_0.password,u1_0.role from users u1_0 where u1_0.email=?
Hibernate: select u1_0.id,u1_0.email,u1_0.full_name,u1_0.password,u1_0.role from users u1_0 where u1_0.email=?
Hibernate: select u1_0.id,u1_0.email,u1_0.full_name,u1_0.password,u1_0.role from users u1_0 where u1_0.email=?
Hibernate: select count(*) from doctors d1_0
Hibernate: select count(*) from patients p1_0
Hibernate: select count(*) from appointments a1_0
Hibernate: select count(a1_0.id) from appointments a1_0 where a1_0.date_time between ? and ?
Hibernate: select u1_0.id,u1_0.email,u1_0.full_name,u1_0.password,u1_0.role from users u1_0 where u1_0.email=?
Hibernate: select count(*) from doctors d1_0
Hibernate: select count(*) from patients p1_0
Hibernate: select count(*) from appointments a1_0
Hibernate: select count(a1_0.id) from appointments a1_0 where a1_0.date_time between ? and ?
Hibernate: select u1_0.id,u1_0.email,u1_0.full_name,u1_0.password,u1_0.role from users u1_0 where u1_0.email=?
Hibernate: select count(*) from doctors d1_0
Hibernate: select count(*) from patients p1_0
Hibernate: select count(*) from appointments a1_0
Hibernate: select count(a1_0.id) from appointments a1_0 where a1_0.date_time between ? and ?
Hibernate: select u1_0.id,u1_0.email,u1_0.full_name,u1_0.password,u1_0.role from users u1_0 where u1_0.email=?
Hibernate: select count(*) from doctors d1_0
Hibernate: select count(*) from patients p1_0
Hibernate: select count(*) from appointments a1_0
Hibernate: select count(a1_0.id) from appointments a1_0 where a1_0.date_time between ? and ?
Hibernate: select u1_0.id,u1_0.email,u1_0.full_name,u1_0.password,u1_0.role from users u1_0 where u1_0.email=?
Hibernate: select count(*) from doctors d1_0
Hibernate: select count(*) from patients p1_0
Hibernate: select count(*) from appointments a1_0
Hibernate: select count(a1_0.id) from appointments a1_0 where a1_0.date_time between ? and ?
Hibernate: select u1_0.id,u1_0.email,u1_0.full_name,u1_0.password,u1_0.role from users u1_0 where u1_0.email=?
Hibernate: select count(*) from doctors d1_0
Hibernate: select count(*) from patients p1_0
Hibernate: select count(*) from appointments a1_0
Hibernate: select count(a1_0.id) from appointments a1_0 where a1_0.date_time between ? and ?
Hibernate: select u1_0.id,u1_0.email,u1_0.full_name,u1_0.password,u1_0.role from users u1_0 where u1_0.email=?
Hibernate: select u1_0.id,u1_0.email,u1_0.full_name,u1_0.password,u1_0.role from users u1_0 where u1_0.email=?
Hibernate: select u1_0.id,u1_0.email,u1_0.full_name,u1_0.password,u1_0.role from users u1_0 where u1_0.email=?
Hibernate: select u1_0.id,u1_0.email,u1_0.full_name,u1_0.password,u1_0.role from users u1_0 where u1_0.email=?
Hibernate: select count(*) from doctors d1_0
Hibernate: select count(*) from patients p1_0
Hibernate: select count(*) from appointments a1_0
Hibernate: select count(a1_0.id) from appointments a1_0 where a1_0.date_time between ? and ?
Hibernate: select u1_0.id,u1_0.email,u1_0.full_name,u1_0.password,u1_0.role from users u1_0 where u1_0.email=?
Hibernate: select count(*) from doctors d1_0
Hibernate: select count(*) from patients p1_0
Hibernate: select count(*) from appointments a1_0
Hibernate: select count(a1_0.id) from appointments a1_0 where a1_0.date_time between ? and ?
Hibernate: select u1_0.id,u1_0.email,u1_0.full_name,u1_0.password,u1_0.role from users u1_0 where u1_0.email=?
Hibernate: select count(*) from doctors d1_0
Hibernate: select count(*) from patients p1_0
Hibernate: select count(*) from appointments a1_0
Hibernate: select count(a1_0.id) from appointments a1_0 where a1_0.date_time between ? and ?
Hibernate: select u1_0.id,u1_0.email,u1_0.full_name,u1_0.password,u1_0.role from users u1_0 where u1_0.email=?
Hibernate: select count(*) from doctors d1_0
Hibernate: select count(*) from patients p1_0
Hibernate: select count(*) from appointments a1_0
Hibernate: select count(a1_0.id) from appointments a1_0 where a1_0.date_time between ? and ?
Hibernate: select u1_0.id,u1_0.email,u1_0.full_name,u1_0.password,u1_0.role from users u1_0 where u1_0.email=?
Hibernate: select u1_0.id,u1_0.email,u1_0.full_name,u1_0.password,u1_0.role from users u1_0 where u1_0.email=?
Hibernate: select u1_0.id,u1_0.email,u1_0.full_name,u1_0.password,u1_0.role from users u1_0 where u1_0.email=?
Hibernate: select u1_0.id,u1_0.email,u1_0.full_name,u1_0.password,u1_0.role from users u1_0 where u1_0.email=?
Hibernate: select u1_0.id,u1_0.email,u1_0.full_name,u1_0.password,u1_0.role from users u1_0 where u1_0.email=?
Hibernate: select d1_0.id,d1_0.experience_years,d1_0.specialization,d1_0.status,d1_0.user_id from doctors d1_0 where d1_0.user_id=?
Hibernate: select a1_0.id,a1_0.date_time,a1_0.doctor_id,a1_0.notes,a1_0.patient_id,a1_0.status from appointments a1_0 where a1_0.doctor_id=?
Hibernate: select p1_0.id,p1_0.contact_number,p1_0.dob,p1_0.gender,u1_0.id,u1_0.email,u1_0.full_name,u1_0.password,u1_0.role from patients p1_0 left join users u1_0 on u1_0.id=p1_0.user_id where p1_0.id=?
Hibernate: select p1_0.id,p1_0.contact_number,p1_0.dob,p1_0.gender,u1_0.id,u1_0.email,u1_0.full_name,u1_0.password,u1_0.role from patients p1_0 left join users u1_0 on u1_0.id=p1_0.user_id where p1_0.id=?
Hibernate: select u1_0.id,u1_0.email,u1_0.full_name,u1_0.password,u1_0.role from users u1_0 where u1_0.email=?
Hibernate: select u1_0.id,u1_0.email,u1_0.full_name,u1_0.password,u1_0.role from users u1_0 where u1_0.email=?
Hibernate: select d1_0.id,d1_0.experience_years,d1_0.specialization,d1_0.status,d1_0.user_id from doctors d1_0 where d1_0.user_id=?
Hibernate: select a1_0.id,a1_0.date_time,a1_0.doctor_id,a1_0.notes,a1_0.patient_id,a1_0.status from appointments a1_0 where a1_0.doctor_id=?
Hibernate: select p1_0.id,p1_0.contact_number,p1_0.dob,p1_0.gender,u1_0.id,u1_0.email,u1_0.full_name,u1_0.password,u1_0.role from patients p1_0 left join users u1_0 on u1_0.id=p1_0.user_id where p1_0.id=?
Hibernate: select p1_0.id,p1_0.contact_number,p1_0.dob,p1_0.gender,u1_0.id,u1_0.email,u1_0.full_name,u1_0.password,u1_0.role from patients p1_0 left join users u1_0 on u1_0.id=p1_0.user_id where p1_0.id=?
Hibernate: select u1_0.id,u1_0.email,u1_0.full_name,u1_0.password,u1_0.role from users u1_0 where u1_0.email=?
Hibernate: select u1_0.id,u1_0.email,u1_0.full_name,u1_0.password,u1_0.role from users u1_0 where u1_0.email=?
Hibernate: select d1_0.id,d1_0.experience_years,d1_0.specialization,d1_0.status,d1_0.user_id from doctors d1_0 where d1_0.user_id=?
Hibernate: select a1_0.id,a1_0.date_time,a1_0.doctor_id,a1_0.notes,a1_0.patient_id,a1_0.status from appointments a1_0 where a1_0.doctor_id=?
Hibernate: select p1_0.id,p1_0.contact_number,p1_0.dob,p1_0.gender,u1_0.id,u1_0.email,u1_0.full_name,u1_0.password,u1_0.role from patients p1_0 left join users u1_0 on u1_0.id=p1_0.user_id where p1_0.id=?
Hibernate: select p1_0.id,p1_0.contact_number,p1_0.dob,p1_0.gender,u1_0.id,u1_0.email,u1_0.full_name,u1_0.password,u1_0.role from patients p1_0 left join users u1_0 on u1_0.id=p1_0.user_id where p1_0.id=?
Hibernate: select u1_0.id,u1_0.email,u1_0.full_name,u1_0.password,u1_0.role from users u1_0 where u1_0.email=?
Hibernate: select u1_0.id,u1_0.email,u1_0.full_name,u1_0.password,u1_0.role from users u1_0 where u1_0.email=?
Hibernate: select d1_0.id,d1_0.experience_years,d1_0.specialization,d1_0.status,d1_0.user_id from doctors d1_0 where d1_0.user_id=?
Hibernate: select a1_0.id,a1_0.date_time,a1_0.doctor_id,a1_0.notes,a1_0.patient_id,a1_0.status from appointments a1_0 where a1_0.doctor_id=?
Hibernate: select p1_0.id,p1_0.contact_number,p1_0.dob,p1_0.gender,u1_0.id,u1_0.email,u1_0.full_name,u1_0.password,u1_0.role from patients p1_0 left join users u1_0 on u1_0.id=p1_0.user_id where p1_0.id=?
Hibernate: select p1_0.id,p1_0.contact_number,p1_0.dob,p1_0.gender,u1_0.id,u1_0.email,u1_0.full_name,u1_0.password,u1_0.role from patients p1_0 left join users u1_0 on u1_0.id=p1_0.user_id where p1_0.id=?
Hibernate: select u1_0.id,u1_0.email,u1_0.full_name,u1_0.password,u1_0.role from users u1_0 where u1_0.email=?
Hibernate: select u1_0.id,u1_0.email,u1_0.full_name,u1_0.password,u1_0.role from users u1_0 where u1_0.email=?
Hibernate: select d1_0.id,d1_0.experience_years,d1_0.specialization,d1_0.status,d1_0.user_id from doctors d1_0 where d1_0.user_id=?
Hibernate: select a1_0.id,a1_0.date_time,a1_0.doctor_id,a1_0.notes,a1_0.patient_id,a1_0.status from appointments a1_0 where a1_0.doctor_id=?
Hibernate: select p1_0.id,p1_0.contact_number,p1_0.dob,p1_0.gender,u1_0.id,u1_0.email,u1_0.full_name,u1_0.password,u1_0.role from patients p1_0 left join users u1_0 on u1_0.id=p1_0.user_id where p1_0.id=?
Hibernate: select p1_0.id,p1_0.contact_number,p1_0.dob,p1_0.gender,u1_0.id,u1_0.email,u1_0.full_name,u1_0.password,u1_0.role from patients p1_0 left join users u1_0 on u1_0.id=p1_0.user_id where p1_0.id=?
Hibernate: select u1_0.id,u1_0.email,u1_0.full_name,u1_0.password,u1_0.role from users u1_0 where u1_0.email=?
Hibernate: select u1_0.id,u1_0.email,u1_0.full_name,u1_0.password,u1_0.role from users u1_0 where u1_0.email=?
Hibernate: select d1_0.id,d1_0.experience_years,d1_0.specialization,d1_0.status,d1_0.user_id from doctors d1_0 where d1_0.user_id=?
Hibernate: select a1_0.id,a1_0.date_time,a1_0.doctor_id,a1_0.notes,a1_0.patient_id,a1_0.status from appointments a1_0 where a1_0.doctor_id=?
Hibernate: select p1_0.id,p1_0.contact_number,p1_0.dob,p1_0.gender,u1_0.id,u1_0.email,u1_0.full_name,u1_0.password,u1_0.role from patients p1_0 left join users u1_0 on u1_0.id=p1_0.user_id where p1_0.id=?
Hibernate: select p1_0.id,p1_0.contact_number,p1_0.dob,p1_0.gender,u1_0.id,u1_0.email,u1_0.full_name,u1_0.password,u1_0.role from patients p1_0 left join users u1_0 on u1_0.id=p1_0.user_id where p1_0.id=?
Hibernate: select u1_0.id,u1_0.email,u1_0.full_name,u1_0.password,u1_0.role from users u1_0 where u1_0.email=?
Hibernate: select u1_0.id,u1_0.email,u1_0.full_name,u1_0.password,u1_0.role from users u1_0 where u1_0.email=?
Hibernate: select d1_0.id,d1_0.experience_years,d1_0.specialization,d1_0.status,d1_0.user_id from doctors d1_0 where d1_0.user_id=?
Hibernate: select a1_0.id,a1_0.date_time,a1_0.doctor_id,a1_0.notes,a1_0.patient_id,a1_0.status from appointments a1_0 where a1_0.doctor_id=?
Hibernate: select p1_0.id,p1_0.contact_number,p1_0.dob,p1_0.gender,u1_0.id,u1_0.email,u1_0.full_name,u1_0.password,u1_0.role from patients p1_0 left join users u1_0 on u1_0.id=p1_0.user_id where p1_0.id=?
Hibernate: select p1_0.id,p1_0.contact_number,p1_0.dob,p1_0.gender,u1_0.id,u1_0.email,u1_0.full_name,u1_0.password,u1_0.role from patients p1_0 left join users u1_0 on u1_0.id=p1_0.user_id where p1_0.id=?
Hibernate: select u1_0.id,u1_0.email,u1_0.full_name,u1_0.password,u1_0.role from users u1_0 where u1_0.email=?
Hibernate: select u1_0.id,u1_0.email,u1_0.full_name,u1_0.password,u1_0.role from users u1_0 where u1_0.email=?
Hibernate: select d1_0.id,d1_0.experience_years,d1_0.specialization,d1_0.status,d1_0.user_id from doctors d1_0 where d1_0.user_id=?
Hibernate: select a1_0.id,a1_0.date_time,a1_0.doctor_id,a1_0.notes,a1_0.patient_id,a1_0.status from appointments a1_0 where a1_0.doctor_id=?
Hibernate: select p1_0.id,p1_0.contact_number,p1_0.dob,p1_0.gender,u1_0.id,u1_0.email,u1_0.full_name,u1_0.password,u1_0.role from patients p1_0 left join users u1_0 on u1_0.id=p1_0.user_id where p1_0.id=?
Hibernate: select p1_0.id,p1_0.contact_number,p1_0.dob,p1_0.gender,u1_0.id,u1_0.email,u1_0.full_name,u1_0.password,u1_0.role from patients p1_0 left join users u1_0 on u1_0.id=p1_0.user_id where p1_0.id=?
Hibernate: select u1_0.id,u1_0.email,u1_0.full_name,u1_0.password,u1_0.role from users u1_0 where u1_0.email=?
Hibernate: select u1_0.id,u1_0.email,u1_0.full_name,u1_0.password,u1_0.role from users u1_0 where u1_0.email=?
Hibernate: select d1_0.id,d1_0.experience_years,d1_0.specialization,d1_0.status,d1_0.user_id from doctors d1_0 where d1_0.user_id=?
Hibernate: select a1_0.id,a1_0.date_time,a1_0.doctor_id,a1_0.notes,a1_0.patient_id,a1_0.status from appointments a1_0 where a1_0.doctor_id=?
Hibernate: select p1_0.id,p1_0.contact_number,p1_0.dob,p1_0.gender,u1_0.id,u1_0.email,u1_0.full_name,u1_0.password,u1_0.role from patients p1_0 left join users u1_0 on u1_0.id=p1_0.user_id where p1_0.id=?
Hibernate: select p1_0.id,p1_0.contact_number,p1_0.dob,p1_0.gender,u1_0.id,u1_0.email,u1_0.full_name,u1_0.password,u1_0.role from patients p1_0 left join users u1_0 on u1_0.id=p1_0.user_id where p1_0.id=?
Hibernate: select u1_0.id,u1_0.email,u1_0.full_name,u1_0.password,u1_0.role from users u1_0 where u1_0.email=?
Hibernate: select u1_0.id,u1_0.email,u1_0.full_name,u1_0.password,u1_0.role from users u1_0 where u1_0.email=?
Hibernate: select d1_0.id,d1_0.experience_years,d1_0.specialization,d1_0.status,d1_0.user_id from doctors d1_0 where d1_0.user_id=?
Hibernate: select a1_0.id,a1_0.date_time,a1_0.doctor_id,a1_0.notes,a1_0.patient_id,a1_0.status from appointments a1_0 where a1_0.doctor_id=?
Hibernate: select p1_0.id,p1_0.contact_number,p1_0.dob,p1_0.gender,u1_0.id,u1_0.email,u1_0.full_name,u1_0.password,u1_0.role from patients p1_0 left join users u1_0 on u1_0.id=p1_0.user_id where p1_0.id=?
Hibernate: select p1_0.id,p1_0.contact_number,p1_0.dob,p1_0.gender,u1_0.id,u1_0.email,u1_0.full_name,u1_0.password,u1_0.role from patients p1_0 left join users u1_0 on u1_0.id=p1_0.user_id where p1_0.id=?
Hibernate: select u1_0.id,u1_0.email,u1_0.full_name,u1_0.password,u1_0.role from users u1_0 where u1_0.email=?
Hibernate: select u1_0.id,u1_0.email,u1_0.full_name,u1_0.password,u1_0.role from users u1_0 where u1_0.email=?
Hibernate: select u1_0.id,u1_0.email,u1_0.full_name,u1_0.password,u1_0.role from users u1_0 where u1_0.email=?
Hibernate: select u1_0.id,u1_0.email,u1_0.full_name,u1_0.password,u1_0.role from users u1_0 where u1_0.email=?
Hibernate: select u1_0.id,u1_0.email,u1_0.full_name,u1_0.password,u1_0.role from users u1_0 where u1_0.email=?
Hibernate: select d1_0.id,d1_0.experience_years,d1_0.specialization,d1_0.status,d1_0.user_id from doctors d1_0 where d1_0.user_id=?
Hibernate: select a1_0.id,a1_0.date_time,a1_0.doctor_id,a1_0.notes,a1_0.patient_id,a1_0.status from appointments a1_0 where a1_0.doctor_id=?
Hibernate: select p1_0.id,p1_0.contact_number,p1_0.dob,p1_0.gender,u1_0.id,u1_0.email,u1_0.full_name,u1_0.password,u1_0.role from patients p1_0 left join users u1_0 on u1_0.id=p1_0.user_id where p1_0.id=?
Hibernate: select p1_0.id,p1_0.contact_number,p1_0.dob,p1_0.gender,u1_0.id,u1_0.email,u1_0.full_name,u1_0.password,u1_0.role from patients p1_0 left join users u1_0 on u1_0.id=p1_0.user_id where p1_0.id=?
Hibernate: select u1_0.id,u1_0.email,u1_0.full_name,u1_0.password,u1_0.role from users u1_0 where u1_0.email=?
Hibernate: select u1_0.id,u1_0.email,u1_0.full_name,u1_0.password,u1_0.role from users u1_0 where u1_0.email=?
Hibernate: select d1_0.id,d1_0.experience_years,d1_0.specialization,d1_0.status,d1_0.user_id from doctors d1_0 where d1_0.user_id=?
Hibernate: select a1_0.id,a1_0.date_time,a1_0.doctor_id,a1_0.notes,a1_0.patient_id,a1_0.status from appointments a1_0 where a1_0.doctor_id=?
Hibernate: select p1_0.id,p1_0.contact_number,p1_0.dob,p1_0.gender,u1_0.id,u1_0.email,u1_0.full_name,u1_0.password,u1_0.role from patients p1_0 left join users u1_0 on u1_0.id=p1_0.user_id where p1_0.id=?
Hibernate: select p1_0.id,p1_0.contact_number,p1_0.dob,p1_0.gender,u1_0.id,u1_0.email,u1_0.full_name,u1_0.password,u1_0.role from patients p1_0 left join users u1_0 on u1_0.id=p1_0.user_id where p1_0.id=?
Hibernate: select u1_0.id,u1_0.email,u1_0.full_name,u1_0.password,u1_0.role from users u1_0 where u1_0.email=?
Hibernate: select u1_0.id,u1_0.email,u1_0.full_name,u1_0.password,u1_0.role from users u1_0 where u1_0.email=?
Hibernate: select d1_0.id,d1_0.experience_years,d1_0.specialization,d1_0.status,d1_0.user_id from doctors d1_0 where d1_0.user_id=?
Hibernate: select a1_0.id,a1_0.date_time,a1_0.doctor_id,a1_0.notes,a1_0.patient_id,a1_0.status from appointments a1_0 where a1_0.doctor_id=?
Hibernate: select p1_0.id,p1_0.contact_number,p1_0.dob,p1_0.gender,u1_0.id,u1_0.email,u1_0.full_name,u1_0.password,u1_0.role from patients p1_0 left join users u1_0 on u1_0.id=p1_0.user_id where p1_0.id=?
Hibernate: select p1_0.id,p1_0.contact_number,p1_0.dob,p1_0.gender,u1_0.id,u1_0.email,u1_0.full_name,u1_0.password,u1_0.role from patients p1_0 left join users u1_0 on u1_0.id=p1_0.user_id where p1_0.id=?
Hibernate: select u1_0.id,u1_0.email,u1_0.full_name,u1_0.password,u1_0.role from users u1_0 where u1_0.email=?
Hibernate: select u1_0.id,u1_0.email,u1_0.full_name,u1_0.password,u1_0.role from users u1_0 where u1_0.email=?
Hibernate: select d1_0.id,d1_0.experience_years,d1_0.specialization,d1_0.status,d1_0.user_id from doctors d1_0 where d1_0.user_id=?
Hibernate: select a1_0.id,a1_0.date_time,a1_0.doctor_id,a1_0.notes,a1_0.patient_id,a1_0.status from appointments a1_0 where a1_0.doctor_id=?
Hibernate: select p1_0.id,p1_0.contact_number,p1_0.dob,p1_0.gender,u1_0.id,u1_0.email,u1_0.full_name,u1_0.password,u1_0.role from patients p1_0 left join users u1_0 on u1_0.id=p1_0.user_id where p1_0.id=?
Hibernate: select p1_0.id,p1_0.contact_number,p1_0.dob,p1_0.gender,u1_0.id,u1_0.email,u1_0.full_name,u1_0.password,u1_0.role from patients p1_0 left join users u1_0 on u1_0.id=p1_0.user_id where p1_0.id=?
Hibernate: select u1_0.id,u1_0.email,u1_0.full_name,u1_0.password,u1_0.role from users u1_0 where u1_0.email=?
Hibernate: select u1_0.id,u1_0.email,u1_0.full_name,u1_0.password,u1_0.role from users u1_0 where u1_0.email=?
Hibernate: select d1_0.id,d1_0.experience_years,d1_0.specialization,d1_0.status,d1_0.user_id from doctors d1_0 where d1_0.user_id=?
Hibernate: select a1_0.id,a1_0.date_time,a1_0.doctor_id,a1_0.notes,a1_0.patient_id,a1_0.status from appointments a1_0 where a1_0.doctor_id=?
Hibernate: select p1_0.id,p1_0.contact_number,p1_0.dob,p1_0.gender,u1_0.id,u1_0.email,u1_0.full_name,u1_0.password,u1_0.role from patients p1_0 left join users u1_0 on u1_0.id=p1_0.user_id where p1_0.id=?
Hibernate: select p1_0.id,p1_0.contact_number,p1_0.dob,p1_0.gender,u1_0.id,u1_0.email,u1_0.full_name,u1_0.password,u1_0.role from patients p1_0 left join users u1_0 on u1_0.id=p1_0.user_id where p1_0.id=?
Hibernate: select u1_0.id,u1_0.email,u1_0.full_name,u1_0.password,u1_0.role from users u1_0 where u1_0.email=?
Hibernate: select u1_0.id,u1_0.email,u1_0.full_name,u1_0.password,u1_0.role from users u1_0 where u1_0.email=?
Hibernate: select d1_0.id,d1_0.experience_years,d1_0.specialization,d1_0.status,d1_0.user_id from doctors d1_0 where d1_0.user_id=?
Hibernate: select a1_0.id,a1_0.date_time,a1_0.doctor_id,a1_0.notes,a1_0.patient_id,a1_0.status from appointments a1_0 where a1_0.doctor_id=?
Hibernate: select p1_0.id,p1_0.contact_number,p1_0.dob,p1_0.gender,u1_0.id,u1_0.email,u1_0.full_name,u1_0.password,u1_0.role from patients p1_0 left join users u1_0 on u1_0.id=p1_0.user_id where p1_0.id=?
Hibernate: select p1_0.id,p1_0.contact_number,p1_0.dob,p1_0.gender,u1_0.id,u1_0.email,u1_0.full_name,u1_0.password,u1_0.role from patients p1_0 left join users u1_0 on u1_0.id=p1_0.user_id where p1_0.id=?
Hibernate: select u1_0.id,u1_0.email,u1_0.full_name,u1_0.password,u1_0.role from users u1_0 where u1_0.email=?
Hibernate: select u1_0.id,u1_0.email,u1_0.full_name,u1_0.password,u1_0.role from users u1_0 where u1_0.email=?
Hibernate: select d1_0.id,d1_0.experience_years,d1_0.specialization,d1_0.status,d1_0.user_id from doctors d1_0 where d1_0.user_id=?
Hibernate: select a1_0.id,a1_0.date_time,a1_0.doctor_id,a1_0.notes,a1_0.patient_id,a1_0.status from appointments a1_0 where a1_0.doctor_id=?
Hibernate: select p1_0.id,p1_0.contact_number,p1_0.dob,p1_0.gender,u1_0.id,u1_0.email,u1_0.full_name,u1_0.password,u1_0.role from patients p1_0 left join users u1_0 on u1_0.id=p1_0.user_id where p1_0.id=?
Hibernate: select p1_0.id,p1_0.contact_number,p1_0.dob,p1_0.gender,u1_0.id,u1_0.email,u1_0.full_name,u1_0.password,u1_0.role from patients p1_0 left join users u1_0 on u1_0.id=p1_0.user_id where p1_0.id=?
Hibernate: select u1_0.id,u1_0.email,u1_0.full_name,u1_0.password,u1_0.role from users u1_0 where u1_0.email=?
Hibernate: select u1_0.id,u1_0.email,u1_0.full_name,u1_0.password,u1_0.role from users u1_0 where u1_0.email=?
Hibernate: select d1_0.id,d1_0.experience_years,d1_0.specialization,d1_0.status,d1_0.user_id from doctors d1_0 where d1_0.user_id=?
Hibernate: select a1_0.id,a1_0.date_time,a1_0.doctor_id,a1_0.notes,a1_0.patient_id,a1_0.status from appointments a1_0 where a1_0.doctor_id=?
Hibernate: select p1_0.id,p1_0.contact_number,p1_0.dob,p1_0.gender,u1_0.id,u1_0.email,u1_0.full_name,u1_0.password,u1_0.role from patients p1_0 left join users u1_0 on u1_0.id=p1_0.user_id where p1_0.id=?
Hibernate: select p1_0.id,p1_0.contact_number,p1_0.dob,p1_0.gender,u1_0.id,u1_0.email,u1_0.full_name,u1_0.password,u1_0.role from patients p1_0 left join users u1_0 on u1_0.id=p1_0.user_id where p1_0.id=?
Hibernate: select u1_0.id,u1_0.email,u1_0.full_name,u1_0.password,u1_0.role from users u1_0 where u1_0.email=?
Hibernate: select u1_0.id,u1_0.email,u1_0.full_name,u1_0.password,u1_0.role from users u1_0 where u1_0.email=?
Hibernate: select d1_0.id,d1_0.experience_years,d1_0.specialization,d1_0.status,d1_0.user_id from doctors d1_0 where d1_0.user_id=?
Hibernate: select a1_0.id,a1_0.date_time,a1_0.doctor_id,a1_0.notes,a1_0.patient_id,a1_0.status from appointments a1_0 where a1_0.doctor_id=?
Hibernate: select p1_0.id,p1_0.contact_number,p1_0.dob,p1_0.gender,u1_0.id,u1_0.email,u1_0.full_name,u1_0.password,u1_0.role from patients p1_0 left join users u1_0 on u1_0.id=p1_0.user_id where p1_0.id=?
Hibernate: select p1_0.id,p1_0.contact_number,p1_0.dob,p1_0.gender,u1_0.id,u1_0.email,u1_0.full_name,u1_0.password,u1_0.role from patients p1_0 left join users u1_0 on u1_0.id=p1_0.user_id where p1_0.id=?
Hibernate: select u1_0.id,u1_0.email,u1_0.full_name,u1_0.password,u1_0.role from users u1_0 where u1_0.email=?
Hibernate: select u1_0.id,u1_0.email,u1_0.full_name,u1_0.password,u1_0.role from users u1_0 where u1_0.email=?
Hibernate: select d1_0.id,d1_0.experience_years,d1_0.specialization,d1_0.status,d1_0.user_id from doctors d1_0 where d1_0.user_id=?
Hibernate: select a1_0.id,a1_0.date_time,a1_0.doctor_id,a1_0.notes,a1_0.patient_id,a1_0.status from appointments a1_0 where a1_0.doctor_id=?
Hibernate: select p1_0.id,p1_0.contact_number,p1_0.dob,p1_0.gender,u1_0.id,u1_0.email,u1_0.full_name,u1_0.password,u1_0.role from patients p1_0 left join users u1_0 on u1_0.id=p1_0.user_id where p1_0.id=?
Hibernate: select p1_0.id,p1_0.contact_number,p1_0.dob,p1_0.gender,u1_0.id,u1_0.email,u1_0.full_name,u1_0.password,u1_0.role from patients p1_0 left join users u1_0 on u1_0.id=p1_0.user_id where p1_0.id=?
Hibernate: select u1_0.id,u1_0.email,u1_0.full_name,u1_0.password,u1_0.role from users u1_0 where u1_0.email=?
Hibernate: select u1_0.id,u1_0.email,u1_0.full_name,u1_0.password,u1_0.role from users u1_0 where u1_0.email=?
Hibernate: select d1_0.id,d1_0.experience_years,d1_0.specialization,d1_0.status,d1_0.user_id from doctors d1_0 where d1_0.user_id=?
Hibernate: select a1_0.id,a1_0.date_time,a1_0.doctor_id,a1_0.notes,a1_0.patient_id,a1_0.status from appointments a1_0 where a1_0.doctor_id=?
Hibernate: select p1_0.id,p1_0.contact_number,p1_0.dob,p1_0.gender,u1_0.id,u1_0.email,u1_0.full_name,u1_0.password,u1_0.role from patients p1_0 left join users u1_0 on u1_0.id=p1_0.user_id where p1_0.id=?
Hibernate: select p1_0.id,p1_0.contact_number,p1_0.dob,p1_0.gender,u1_0.id,u1_0.email,u1_0.full_name,u1_0.password,u1_0.role from patients p1_0 left join users u1_0 on u1_0.id=p1_0.user_id where p1_0.id=?
Hibernate: select u1_0.id,u1_0.email,u1_0.full_name,u1_0.password,u1_0.role from users u1_0 where u1_0.email=?
Hibernate: select u1_0.id,u1_0.email,u1_0.full_name,u1_0.password,u1_0.role from users u1_0 where u1_0.email=?
Hibernate: select d1_0.id,d1_0.experience_years,d1_0.specialization,d1_0.status,d1_0.user_id from doctors d1_0 where d1_0.user_id=?
Hibernate: select a1_0.id,a1_0.date_time,a1_0.doctor_id,a1_0.notes,a1_0.patient_id,a1_0.status from appointments a1_0 where a1_0.doctor_id=?
Hibernate: select p1_0.id,p1_0.contact_number,p1_0.dob,p1_0.gender,u1_0.id,u1_0.email,u1_0.full_name,u1_0.password,u1_0.role from patients p1_0 left join users u1_0 on u1_0.id=p1_0.user_id where p1_0.id=?
Hibernate: select p1_0.id,p1_0.contact_number,p1_0.dob,p1_0.gender,u1_0.id,u1_0.email,u1_0.full_name,u1_0.password,u1_0.role from patients p1_0 left join users u1_0 on u1_0.id=p1_0.user_id where p1_0.id=?
Hibernate: select u1_0.id,u1_0.email,u1_0.full_name,u1_0.password,u1_0.role from users u1_0 where u1_0.email=?
Hibernate: select u1_0.id,u1_0.email,u1_0.full_name,u1_0.password,u1_0.role from users u1_0 where u1_0.email=?
Hibernate: select d1_0.id,d1_0.experience_years,d1_0.specialization,d1_0.status,d1_0.user_id from doctors d1_0 where d1_0.user_id=?
Hibernate: select a1_0.id,a1_0.date_time,a1_0.doctor_id,a1_0.notes,a1_0.patient_id,a1_0.status from appointments a1_0 where a1_0.doctor_id=?
Hibernate: select p1_0.id,p1_0.contact_number,p1_0.dob,p1_0.gender,u1_0.id,u1_0.email,u1_0.full_name,u1_0.password,u1_0.role from patients p1_0 left join users u1_0 on u1_0.id=p1_0.user_id where p1_0.id=?
Hibernate: select p1_0.id,p1_0.contact_number,p1_0.dob,p1_0.gender,u1_0.id,u1_0.email,u1_0.full_name,u1_0.password,u1_0.role from patients p1_0 left join users u1_0 on u1_0.id=p1_0.user_id where p1_0.id=?
Hibernate: select u1_0.id,u1_0.email,u1_0.full_name,u1_0.password,u1_0.role from users u1_0 where u1_0.email=?
Hibernate: select u1_0.id,u1_0.email,u1_0.full_name,u1_0.password,u1_0.role from users u1_0 where u1_0.email=?
Hibernate: select d1_0.id,d1_0.experience_years,d1_0.specialization,d1_0.status,d1_0.user_id from doctors d1_0 where d1_0.user_id=?
Hibernate: select a1_0.id,a1_0.date_time,a1_0.doctor_id,a1_0.notes,a1_0.patient_id,a1_0.status from appointments a1_0 where a1_0.doctor_id=?
Hibernate: select p1_0.id,p1_0.contact_number,p1_0.dob,p1_0.gender,u1_0.id,u1_0.email,u1_0.full_name,u1_0.password,u1_0.role from patients p1_0 left join users u1_0 on u1_0.id=p1_0.user_id where p1_0.id=?
Hibernate: select p1_0.id,p1_0.contact_number,p1_0.dob,p1_0.gender,u1_0.id,u1_0.email,u1_0.full_name,u1_0.password,u1_0.role from patients p1_0 left join users u1_0 on u1_0.id=p1_0.user_id where p1_0.id=?
Hibernate: select u1_0.id,u1_0.email,u1_0.full_name,u1_0.password,u1_0.role from users u1_0 where u1_0.email=?
Hibernate: select u1_0.id,u1_0.email,u1_0.full_name,u1_0.password,u1_0.role from users u1_0 where u1_0.email=?
Hibernate: select d1_0.id,d1_0.experience_years,d1_0.specialization,d1_0.status,d1_0.user_id from doctors d1_0 where d1_0.user_id=?
Hibernate: select a1_0.id,a1_0.date_time,a1_0.doctor_id,a1_0.notes,a1_0.patient_id,a1_0.status from appointments a1_0 where a1_0.doctor_id=?
Hibernate: select p1_0.id,p1_0.contact_number,p1_0.dob,p1_0.gender,u1_0.id,u1_0.email,u1_0.full_name,u1_0.password,u1_0.role from patients p1_0 left join users u1_0 on u1_0.id=p1_0.user_id where p1_0.id=?
Hibernate: select p1_0.id,p1_0.contact_number,p1_0.dob,p1_0.gender,u1_0.id,u1_0.email,u1_0.full_name,u1_0.password,u1_0.role from patients p1_0 left join users u1_0 on u1_0.id=p1_0.user_id where p1_0.id=?
Hibernate: select u1_0.id,u1_0.email,u1_0.full_name,u1_0.password,u1_0.role from users u1_0 where u1_0.email=?
Hibernate: select u1_0.id,u1_0.email,u1_0.full_name,u1_0.password,u1_0.role from users u1_0 where u1_0.email=?
Hibernate: select d1_0.id,d1_0.experience_years,d1_0.specialization,d1_0.status,d1_0.user_id from doctors d1_0 where d1_0.user_id=?
Hibernate: select a1_0.id,a1_0.date_time,a1_0.doctor_id,a1_0.notes,a1_0.patient_id,a1_0.status from appointments a1_0 where a1_0.doctor_id=?
Hibernate: select p1_0.id,p1_0.contact_number,p1_0.dob,p1_0.gender,u1_0.id,u1_0.email,u1_0.full_name,u1_0.password,u1_0.role from patients p1_0 left join users u1_0 on u1_0.id=p1_0.user_id where p1_0.id=?
Hibernate: select p1_0.id,p1_0.contact_number,p1_0.dob,p1_0.gender,u1_0.id,u1_0.email,u1_0.full_name,u1_0.password,u1_0.role from patients p1_0 left join users u1_0 on u1_0.id=p1_0.user_id where p1_0.id=?
Hibernate: select u1_0.id,u1_0.email,u1_0.full_name,u1_0.password,u1_0.role from users u1_0 where u1_0.email=?
Hibernate: select u1_0.id,u1_0.email,u1_0.full_name,u1_0.password,u1_0.role from users u1_0 where u1_0.email=?
Hibernate: select d1_0.id,d1_0.experience_years,d1_0.specialization,d1_0.status,d1_0.user_id from doctors d1_0 where d1_0.user_id=?
Hibernate: select a1_0.id,a1_0.date_time,a1_0.doctor_id,a1_0.notes,a1_0.patient_id,a1_0.status from appointments a1_0 where a1_0.doctor_id=?
Hibernate: select p1_0.id,p1_0.contact_number,p1_0.dob,p1_0.gender,u1_0.id,u1_0.email,u1_0.full_name,u1_0.password,u1_0.role from patients p1_0 left join users u1_0 on u1_0.id=p1_0.user_id where p1_0.id=?
Hibernate: select p1_0.id,p1_0.contact_number,p1_0.dob,p1_0.gender,u1_0.id,u1_0.email,u1_0.full_name,u1_0.password,u1_0.role from patients p1_0 left join users u1_0 on u1_0.id=p1_0.user_id where p1_0.id=?
Hibernate: select u1_0.id,u1_0.email,u1_0.full_name,u1_0.password,u1_0.role from users u1_0 where u1_0.email=?
Hibernate: select u1_0.id,u1_0.email,u1_0.full_name,u1_0.password,u1_0.role from users u1_0 where u1_0.email=?
Hibernate: select d1_0.id,d1_0.experience_years,d1_0.specialization,d1_0.status,d1_0.user_id from doctors d1_0 where d1_0.user_id=?
Hibernate: select a1_0.id,a1_0.date_time,a1_0.doctor_id,a1_0.notes,a1_0.patient_id,a1_0.status from appointments a1_0 where a1_0.doctor_id=?
Hibernate: select p1_0.id,p1_0.contact_number,p1_0.dob,p1_0.gender,u1_0.id,u1_0.email,u1_0.full_name,u1_0.password,u1_0.role from patients p1_0 left join users u1_0 on u1_0.id=p1_0.user_id where p1_0.id=?
Hibernate: select p1_0.id,p1_0.contact_number,p1_0.dob,p1_0.gender,u1_0.id,u1_0.email,u1_0.full_name,u1_0.password,u1_0.role from patients p1_0 left join users u1_0 on u1_0.id=p1_0.user_id where p1_0.id=?
Hibernate: select u1_0.id,u1_0.email,u1_0.full_name,u1_0.password,u1_0.role from users u1_0 where u1_0.email=?
Hibernate: select u1_0.id,u1_0.email,u1_0.full_name,u1_0.password,u1_0.role from users u1_0 where u1_0.email=?
Hibernate: select d1_0.id,d1_0.experience_years,d1_0.specialization,d1_0.status,d1_0.user_id from doctors d1_0 where d1_0.user_id=?
Hibernate: select a1_0.id,a1_0.date_time,a1_0.doctor_id,a1_0.notes,a1_0.patient_id,a1_0.status from appointments a1_0 where a1_0.doctor_id=?
Hibernate: select p1_0.id,p1_0.contact_number,p1_0.dob,p1_0.gender,u1_0.id,u1_0.email,u1_0.full_name,u1_0.password,u1_0.role from patients p1_0 left join users u1_0 on u1_0.id=p1_0.user_id where p1_0.id=?
Hibernate: select p1_0.id,p1_0.contact_number,p1_0.dob,p1_0.gender,u1_0.id,u1_0.email,u1_0.full_name,u1_0.password,u1_0.role from patients p1_0 left join users u1_0 on u1_0.id=p1_0.user_id where p1_0.id=?
Hibernate: select u1_0.id,u1_0.email,u1_0.full_name,u1_0.password,u1_0.role from users u1_0 where u1_0.email=?
Hibernate: select u1_0.id,u1_0.email,u1_0.full_name,u1_0.password,u1_0.role from users u1_0 where u1_0.email=?
Hibernate: select d1_0.id,d1_0.experience_years,d1_0.specialization,d1_0.status,d1_0.user_id from doctors d1_0 where d1_0.user_id=?
Hibernate: select a1_0.id,a1_0.date_time,a1_0.doctor_id,a1_0.notes,a1_0.patient_id,a1_0.status from appointments a1_0 where a1_0.doctor_id=?
Hibernate: select p1_0.id,p1_0.contact_number,p1_0.dob,p1_0.gender,u1_0.id,u1_0.email,u1_0.full_name,u1_0.password,u1_0.role from patients p1_0 left join users u1_0 on u1_0.id=p1_0.user_id where p1_0.id=?
Hibernate: select p1_0.id,p1_0.contact_number,p1_0.dob,p1_0.gender,u1_0.id,u1_0.email,u1_0.full_name,u1_0.password,u1_0.role from patients p1_0 left join users u1_0 on u1_0.id=p1_0.user_id where p1_0.id=?
Hibernate: select u1_0.id,u1_0.email,u1_0.full_name,u1_0.password,u1_0.role from users u1_0 where u1_0.email=?
Hibernate: select u1_0.id,u1_0.email,u1_0.full_name,u1_0.password,u1_0.role from users u1_0 where u1_0.email=?
Hibernate: select d1_0.id,d1_0.experience_years,d1_0.specialization,d1_0.status,d1_0.user_id from doctors d1_0 where d1_0.user_id=?
Hibernate: select a1_0.id,a1_0.date_time,a1_0.doctor_id,a1_0.notes,a1_0.patient_id,a1_0.status from appointments a1_0 where a1_0.doctor_id=?
Hibernate: select p1_0.id,p1_0.contact_number,p1_0.dob,p1_0.gender,u1_0.id,u1_0.email,u1_0.full_name,u1_0.password,u1_0.role from patients p1_0 left join users u1_0 on u1_0.id=p1_0.user_id where p1_0.id=?
Hibernate: select p1_0.id,p1_0.contact_number,p1_0.dob,p1_0.gender,u1_0.id,u1_0.email,u1_0.full_name,u1_0.password,u1_0.role from patients p1_0 left join users u1_0 on u1_0.id=p1_0.user_id where p1_0.id=?
Hibernate: select u1_0.id,u1_0.email,u1_0.full_name,u1_0.password,u1_0.role from users u1_0 where u1_0.email=?
Hibernate: select u1_0.id,u1_0.email,u1_0.full_name,u1_0.password,u1_0.role from users u1_0 where u1_0.email=?
Hibernate: select d1_0.id,d1_0.experience_years,d1_0.specialization,d1_0.status,d1_0.user_id from doctors d1_0 where d1_0.user_id=?
Hibernate: select a1_0.id,a1_0.date_time,a1_0.doctor_id,a1_0.notes,a1_0.patient_id,a1_0.status from appointments a1_0 where a1_0.doctor_id=?
Hibernate: select p1_0.id,p1_0.contact_number,p1_0.dob,p1_0.gender,u1_0.id,u1_0.email,u1_0.full_name,u1_0.password,u1_0.role from patients p1_0 left join users u1_0 on u1_0.id=p1_0.user_id where p1_0.id=?
Hibernate: select p1_0.id,p1_0.contact_number,p1_0.dob,p1_0.gender,u1_0.id,u1_0.email,u1_0.full_name,u1_0.password,u1_0.role from patients p1_0 left join users u1_0 on u1_0.id=p1_0.user_id where p1_0.id=?
Hibernate: select u1_0.id,u1_0.email,u1_0.full_name,u1_0.password,u1_0.role from users u1_0 where u1_0.email=?
Hibernate: select u1_0.id,u1_0.email,u1_0.full_name,u1_0.password,u1_0.role from users u1_0 where u1_0.email=?
Hibernate: select d1_0.id,d1_0.experience_years,d1_0.specialization,d1_0.status,d1_0.user_id from doctors d1_0 where d1_0.user_id=?
Hibernate: select a1_0.id,a1_0.date_time,a1_0.doctor_id,a1_0.notes,a1_0.patient_id,a1_0.status from appointments a1_0 where a1_0.doctor_id=?
Hibernate: select p1_0.id,p1_0.contact_number,p1_0.dob,p1_0.gender,u1_0.id,u1_0.email,u1_0.full_name,u1_0.password,u1_0.role from patients p1_0 left join users u1_0 on u1_0.id=p1_0.user_id where p1_0.id=?
Hibernate: select p1_0.id,p1_0.contact_number,p1_0.dob,p1_0.gender,u1_0.id,u1_0.email,u1_0.full_name,u1_0.password,u1_0.role from patients p1_0 left join users u1_0 on u1_0.id=p1_0.user_id where p1_0.id=?
Hibernate: select u1_0.id,u1_0.email,u1_0.full_name,u1_0.password,u1_0.role from users u1_0 where u1_0.email=?
Hibernate: select u1_0.id,u1_0.email,u1_0.full_name,u1_0.password,u1_0.role from users u1_0 where u1_0.email=?
Hibernate: select d1_0.id,d1_0.experience_years,d1_0.specialization,d1_0.status,d1_0.user_id from doctors d1_0 where d1_0.user_id=?
Hibernate: select a1_0.id,a1_0.date_time,a1_0.doctor_id,a1_0.notes,a1_0.patient_id,a1_0.status from appointments a1_0 where a1_0.doctor_id=?
Hibernate: select p1_0.id,p1_0.contact_number,p1_0.dob,p1_0.gender,u1_0.id,u1_0.email,u1_0.full_name,u1_0.password,u1_0.role from patients p1_0 left join users u1_0 on u1_0.id=p1_0.user_id where p1_0.id=?
Hibernate: select p1_0.id,p1_0.contact_number,p1_0.dob,p1_0.gender,u1_0.id,u1_0.email,u1_0.full_name,u1_0.password,u1_0.role from patients p1_0 left join users u1_0 on u1_0.id=p1_0.user_id where p1_0.id=?
Hibernate: select u1_0.id,u1_0.email,u1_0.full_name,u1_0.password,u1_0.role from users u1_0 where u1_0.email=?
Hibernate: select u1_0.id,u1_0.email,u1_0.full_name,u1_0.password,u1_0.role from users u1_0 where u1_0.email=?
Hibernate: select d1_0.id,d1_0.experience_years,d1_0.specialization,d1_0.status,d1_0.user_id from doctors d1_0 where d1_0.user_id=?
Hibernate: select a1_0.id,a1_0.date_time,a1_0.doctor_id,a1_0.notes,a1_0.patient_id,a1_0.status from appointments a1_0 where a1_0.doctor_id=?
Hibernate: select p1_0.id,p1_0.contact_number,p1_0.dob,p1_0.gender,u1_0.id,u1_0.email,u1_0.full_name,u1_0.password,u1_0.role from patients p1_0 left join users u1_0 on u1_0.id=p1_0.user_id where p1_0.id=?
Hibernate: select p1_0.id,p1_0.contact_number,p1_0.dob,p1_0.gender,u1_0.id,u1_0.email,u1_0.full_name,u1_0.password,u1_0.role from patients p1_0 left join users u1_0 on u1_0.id=p1_0.user_id where p1_0.id=?
Hibernate: select u1_0.id,u1_0.email,u1_0.full_name,u1_0.password,u1_0.role from users u1_0 where u1_0.email=?
Hibernate: select u1_0.id,u1_0.email,u1_0.full_name,u1_0.password,u1_0.role from users u1_0 where u1_0.email=?
Hibernate: select u1_0.id,u1_0.email,u1_0.full_name,u1_0.password,u1_0.role from users u1_0 where u1_0.email=?
Hibernate: select count(*) from doctors d1_0
Hibernate: select count(*) from patients p1_0
Hibernate: select count(*) from appointments a1_0
Hibernate: select count(a1_0.id) from appointments a1_0 where a1_0.date_time between ? and ?
Hibernate: select u1_0.id,u1_0.email,u1_0.full_name,u1_0.password,u1_0.role from users u1_0 where u1_0.email=?
Hibernate: select count(*) from doctors d1_0
Hibernate: select count(*) from patients p1_0
Hibernate: select count(*) from appointments a1_0
Hibernate: select count(a1_0.id) from appointments a1_0 where a1_0.date_time between ? and ?
Hibernate: select u1_0.id,u1_0.email,u1_0.full_name,u1_0.password,u1_0.role from users u1_0 where u1_0.email=?
Hibernate: select count(*) from doctors d1_0
Hibernate: select count(*) from patients p1_0
Hibernate: select count(*) from appointments a1_0
Hibernate: select count(a1_0.id) from appointments a1_0 where a1_0.date_time between ? and ?
Hibernate: select u1_0.id,u1_0.email,u1_0.full_name,u1_0.password,u1_0.role from users u1_0 where u1_0.email=?
Hibernate: select count(*) from doctors d1_0
Hibernate: select count(*) from patients p1_0
Hibernate: select count(*) from appointments a1_0
Hibernate: select count(a1_0.id) from appointments a1_0 where a1_0.date_time between ? and ?
Hibernate: select u1_0.id,u1_0.email,u1_0.full_name,u1_0.password,u1_0.role from users u1_0 where u1_0.email=?
Hibernate: select count(*) from doctors d1_0
Hibernate: select count(*) from patients p1_0
Hibernate: select count(*) from appointments a1_0
Hibernate: select count(a1_0.id) from appointments a1_0 where a1_0.date_time between ? and ?
Hibernate: select u1_0.id,u1_0.email,u1_0.full_name,u1_0.password,u1_0.role from users u1_0 where u1_0.email=?
Hibernate: select count(*) from doctors d1_0
Hibernate: select count(*) from patients p1_0
Hibernate: select count(*) from appointments a1_0
Hibernate: select count(a1_0.id) from appointments a1_0 where a1_0.date_time between ? and ?
Hibernate: select u1_0.id,u1_0.email,u1_0.full_name,u1_0.password,u1_0.role from users u1_0 where u1_0.email=?
Hibernate: select count(*) from doctors d1_0
Hibernate: select count(*) from patients p1_0
Hibernate: select count(*) from appointments a1_0
Hibernate: select count(a1_0.id) from appointments a1_0 where a1_0.date_time between ? and ?
Hibernate: select u1_0.id,u1_0.email,u1_0.full_name,u1_0.password,u1_0.role from users u1_0 where u1_0.email=?
Hibernate: select count(*) from doctors d1_0
Hibernate: select count(*) from patients p1_0
Hibernate: select count(*) from appointments a1_0
Hibernate: select count(a1_0.id) from appointments a1_0 where a1_0.date_time between ? and ?
Hibernate: select u1_0.id,u1_0.email,u1_0.full_name,u1_0.password,u1_0.role from users u1_0 where u1_0.email=?
Hibernate: select count(*) from doctors d1_0
Hibernate: select count(*) from patients p1_0
Hibernate: select count(*) from appointments a1_0
Hibernate: select count(a1_0.id) from appointments a1_0 where a1_0.date_time between ? and ?
Hibernate: select u1_0.id,u1_0.email,u1_0.full_name,u1_0.password,u1_0.role from users u1_0 where u1_0.email=?
Hibernate: select count(*) from doctors d1_0
Hibernate: select count(*) from patients p1_0
Hibernate: select count(*) from appointments a1_0
Hibernate: select count(a1_0.id) from appointments a1_0 where a1_0.date_time between ? and ?
Hibernate: select u1_0.id,u1_0.email,u1_0.full_name,u1_0.password,u1_0.role from users u1_0 where u1_0.email=?
Hibernate: select count(*) from doctors d1_0
Hibernate: select count(*) from patients p1_0
Hibernate: select count(*) from appointments a1_0
Hibernate: select count(a1_0.id) from appointments a1_0 where a1_0.date_time between ? and ?
Hibernate: select u1_0.id,u1_0.email,u1_0.full_name,u1_0.password,u1_0.role from users u1_0 where u1_0.email=?
Hibernate: select u1_0.id,u1_0.email,u1_0.full_name,u1_0.password,u1_0.role from users u1_0 where u1_0.email=?
Hibernate: select u1_0.id,u1_0.email,u1_0.full_name,u1_0.password,u1_0.role from users u1_0 where u1_0.email=?
Hibernate: select count(*) from doctors d1_0
Hibernate: select count(*) from patients p1_0
Hibernate: select count(*) from appointments a1_0
Hibernate: select count(a1_0.id) from appointments a1_0 where a1_0.date_time between ? and ?
Hibernate: select u1_0.id,u1_0.email,u1_0.full_name,u1_0.password,u1_0.role from users u1_0 where u1_0.email=?
Hibernate: select count(*) from doctors d1_0
Hibernate: select count(*) from patients p1_0
Hibernate: select count(*) from appointments a1_0
Hibernate: select count(a1_0.id) from appointments a1_0 where a1_0.date_time between ? and ?
Hibernate: select u1_0.id,u1_0.email,u1_0.full_name,u1_0.password,u1_0.role from users u1_0 where u1_0.email=?
Hibernate: select count(*) from doctors d1_0
Hibernate: select count(*) from patients p1_0
Hibernate: select count(*) from appointments a1_0
Hibernate: select count(a1_0.id) from appointments a1_0 where a1_0.date_time between ? and ?
Hibernate: select u1_0.id,u1_0.email,u1_0.full_name,u1_0.password,u1_0.role from users u1_0 where u1_0.email=?
Hibernate: select count(*) from doctors d1_0
Hibernate: select count(*) from patients p1_0
Hibernate: select count(*) from appointments a1_0
Hibernate: select count(a1_0.id) from appointments a1_0 where a1_0.date_time between ? and ?
Hibernate: select u1_0.id,u1_0.email,u1_0.full_name,u1_0.password,u1_0.role from users u1_0 where u1_0.email=?
Hibernate: select count(*) from doctors d1_0
Hibernate: select count(*) from patients p1_0
Hibernate: select count(*) from appointments a1_0
Hibernate: select count(a1_0.id) from appointments a1_0 where a1_0.date_time between ? and ?
Hibernate: select u1_0.id,u1_0.email,u1_0.full_name,u1_0.password,u1_0.role from users u1_0 where u1_0.email=?
Hibernate: select count(*) from doctors d1_0
Hibernate: select count(*) from patients p1_0
Hibernate: select count(*) from appointments a1_0
Hibernate: select count(a1_0.id) from appointments a1_0 where a1_0.date_time between ? and ?
Hibernate: select u1_0.id,u1_0.email,u1_0.full_name,u1_0.password,u1_0.role from users u1_0 where u1_0.email=?
Hibernate: select count(*) from doctors d1_0
Hibernate: select count(*) from patients p1_0
Hibernate: select count(*) from appointments a1_0
Hibernate: select count(a1_0.id) from appointments a1_0 where a1_0.date_time between ? and ?
Hibernate: select u1_0.id,u1_0.email,u1_0.full_name,u1_0.password,u1_0.role from users u1_0 where u1_0.email=?
Hibernate: select count(*) from doctors d1_0
Hibernate: select count(*) from patients p1_0
Hibernate: select count(*) from appointments a1_0
Hibernate: select count(a1_0.id) from appointments a1_0 where a1_0.date_time between ? and ?
Hibernate: select u1_0.id,u1_0.email,u1_0.full_name,u1_0.password,u1_0.role from users u1_0 where u1_0.email=?
Hibernate: select count(*) from doctors d1_0
Hibernate: select count(*) from patients p1_0
Hibernate: select count(*) from appointments a1_0
Hibernate: select count(a1_0.id) from appointments a1_0 where a1_0.date_time between ? and ?
Hibernate: select u1_0.id,u1_0.email,u1_0.full_name,u1_0.password,u1_0.role from users u1_0 where u1_0.email=?
Hibernate: select count(*) from doctors d1_0
Hibernate: select count(*) from patients p1_0
Hibernate: select count(*) from appointments a1_0
Hibernate: select count(a1_0.id) from appointments a1_0 where a1_0.date_time between ? and ?
Hibernate: select u1_0.id,u1_0.email,u1_0.full_name,u1_0.password,u1_0.role from users u1_0 where u1_0.email=?
Hibernate: select count(*) from doctors d1_0
Hibernate: select count(*) from patients p1_0
Hibernate: select count(*) from appointments a1_0
Hibernate: select count(a1_0.id) from appointments a1_0 where a1_0.date_time between ? and ?
Hibernate: select u1_0.id,u1_0.email,u1_0.full_name,u1_0.password,u1_0.role from users u1_0 where u1_0.email=?
Hibernate: select count(*) from doctors d1_0
Hibernate: select count(*) from patients p1_0
Hibernate: select count(*) from appointments a1_0
Hibernate: select count(a1_0.id) from appointments a1_0 where a1_0.date_time between ? and ?
Hibernate: select u1_0.id,u1_0.email,u1_0.full_name,u1_0.password,u1_0.role from users u1_0 where u1_0.email=?
Hibernate: select u1_0.id,u1_0.email,u1_0.full_name,u1_0.password,u1_0.role from users u1_0 where u1_0.email=?
Hibernate: select u1_0.id,u1_0.email,u1_0.full_name,u1_0.password,u1_0.role from users u1_0 where u1_0.email=?
Hibernate: select count(*) from doctors d1_0
Hibernate: select count(*) from patients p1_0
Hibernate: select count(*) from appointments a1_0
Hibernate: select count(a1_0.id) from appointments a1_0 where a1_0.date_time between ? and ?
Hibernate: select u1_0.id,u1_0.email,u1_0.full_name,u1_0.password,u1_0.role from users u1_0 where u1_0.email=?
Hibernate: select count(*) from doctors d1_0
Hibernate: select count(*) from patients p1_0
Hibernate: select count(*) from appointments a1_0
Hibernate: select count(a1_0.id) from appointments a1_0 where a1_0.date_time between ? and ?
Hibernate: select u1_0.id,u1_0.email,u1_0.full_name,u1_0.password,u1_0.role from users u1_0 where u1_0.email=?
Hibernate: select count(*) from doctors d1_0
Hibernate: select count(*) from patients p1_0
Hibernate: select count(*) from appointments a1_0
Hibernate: select count(a1_0.id) from appointments a1_0 where a1_0.date_time between ? and ?
Hibernate: select u1_0.id,u1_0.email,u1_0.full_name,u1_0.password,u1_0.role from users u1_0 where u1_0.email=?
Hibernate: select count(*) from doctors d1_0
Hibernate: select count(*) from patients p1_0
Hibernate: select count(*) from appointments a1_0
Hibernate: select count(a1_0.id) from appointments a1_0 where a1_0.date_time between ? and ?
Hibernate: select u1_0.id,u1_0.email,u1_0.full_name,u1_0.password,u1_0.role from users u1_0 where u1_0.email=?
Hibernate: select u1_0.id,u1_0.email,u1_0.full_name,u1_0.password,u1_0.role from users u1_0 where u1_0.email=?
Hibernate: select u1_0.id,u1_0.email,u1_0.full_name,u1_0.password,u1_0.role from users u1_0 where u1_0.email=?
Hibernate: select count(*) from doctors d1_0
Hibernate: select count(*) from patients p1_0
Hibernate: select count(*) from appointments a1_0
Hibernate: select count(a1_0.id) from appointments a1_0 where a1_0.date_time between ? and ?
Hibernate: select u1_0.id,u1_0.email,u1_0.full_name,u1_0.password,u1_0.role from users u1_0 where u1_0.email=?
Hibernate: select count(*) from doctors d1_0
Hibernate: select count(*) from patients p1_0
Hibernate: select count(*) from appointments a1_0
Hibernate: select count(a1_0.id) from appointments a1_0 where a1_0.date_time between ? and ?
Hibernate: select u1_0.id,u1_0.email,u1_0.full_name,u1_0.password,u1_0.role from users u1_0 where u1_0.email=?
Hibernate: select d1_0.id,d1_0.experience_years,d1_0.specialization,d1_0.status,d1_0.user_id from doctors d1_0
Hibernate: select u1_0.id,u1_0.email,u1_0.full_name,u1_0.password,u1_0.role from users u1_0 where u1_0.id=?
Hibernate: select u1_0.id,u1_0.email,u1_0.full_name,u1_0.password,u1_0.role from users u1_0 where u1_0.id=?
Hibernate: select u1_0.id,u1_0.email,u1_0.full_name,u1_0.password,u1_0.role from users u1_0 where u1_0.id=?
Hibernate: select u1_0.id,u1_0.email,u1_0.full_name,u1_0.password,u1_0.role from users u1_0 where u1_0.id=?
Hibernate: select u1_0.id,u1_0.email,u1_0.full_name,u1_0.password,u1_0.role from users u1_0 where u1_0.email=?
Hibernate: select d1_0.id,d1_0.experience_years,d1_0.specialization,d1_0.status,d1_0.user_id from doctors d1_0
Hibernate: select u1_0.id,u1_0.email,u1_0.full_name,u1_0.password,u1_0.role from users u1_0 where u1_0.id=?
Hibernate: select u1_0.id,u1_0.email,u1_0.full_name,u1_0.password,u1_0.role from users u1_0 where u1_0.id=?
Hibernate: select u1_0.id,u1_0.email,u1_0.full_name,u1_0.password,u1_0.role from users u1_0 where u1_0.id=?
Hibernate: select u1_0.id,u1_0.email,u1_0.full_name,u1_0.password,u1_0.role from users u1_0 where u1_0.id=?
Hibernate: select u1_0.id,u1_0.email,u1_0.full_name,u1_0.password,u1_0.role from users u1_0 where u1_0.email=?
Hibernate: select count(*) from doctors d1_0
Hibernate: select count(*) from patients p1_0
Hibernate: select count(*) from appointments a1_0
Hibernate: select count(a1_0.id) from appointments a1_0 where a1_0.date_time between ? and ?
Hibernate: select u1_0.id,u1_0.email,u1_0.full_name,u1_0.password,u1_0.role from users u1_0 where u1_0.email=?
Hibernate: select count(*) from doctors d1_0
Hibernate: select count(*) from patients p1_0
Hibernate: select count(*) from appointments a1_0
Hibernate: select count(a1_0.id) from appointments a1_0 where a1_0.date_time between ? and ?
Hibernate: select u1_0.id,u1_0.email,u1_0.full_name,u1_0.password,u1_0.role from users u1_0 where u1_0.email=?
Hibernate: select p1_0.id,p1_0.contact_number,p1_0.dob,p1_0.gender,p1_0.user_id from patients p1_0
Hibernate: select u1_0.id,u1_0.email,u1_0.full_name,u1_0.password,u1_0.role from users u1_0 where u1_0.id=?
Hibernate: select u1_0.id,u1_0.email,u1_0.full_name,u1_0.password,u1_0.role from users u1_0 where u1_0.id=?
Hibernate: select u1_0.id,u1_0.email,u1_0.full_name,u1_0.password,u1_0.role from users u1_0 where u1_0.id=?
Hibernate: select u1_0.id,u1_0.email,u1_0.full_name,u1_0.password,u1_0.role from users u1_0 where u1_0.id=?
Hibernate: select u1_0.id,u1_0.email,u1_0.full_name,u1_0.password,u1_0.role from users u1_0 where u1_0.email=?
Hibernate: select p1_0.id,p1_0.contact_number,p1_0.dob,p1_0.gender,p1_0.user_id from patients p1_0
Hibernate: select u1_0.id,u1_0.email,u1_0.full_name,u1_0.password,u1_0.role from users u1_0 where u1_0.id=?
Hibernate: select u1_0.id,u1_0.email,u1_0.full_name,u1_0.password,u1_0.role from users u1_0 where u1_0.id=?
Hibernate: select u1_0.id,u1_0.email,u1_0.full_name,u1_0.password,u1_0.role from users u1_0 where u1_0.id=?
Hibernate: select u1_0.id,u1_0.email,u1_0.full_name,u1_0.password,u1_0.role from users u1_0 where u1_0.id=?
Hibernate: select u1_0.id,u1_0.email,u1_0.full_name,u1_0.password,u1_0.role from users u1_0 where u1_0.email=?
Hibernate: select count(*) from doctors d1_0
Hibernate: select count(*) from patients p1_0
Hibernate: select count(*) from appointments a1_0
Hibernate: select count(a1_0.id) from appointments a1_0 where a1_0.date_time between ? and ?
Hibernate: select u1_0.id,u1_0.email,u1_0.full_name,u1_0.password,u1_0.role from users u1_0 where u1_0.email=?
Hibernate: select count(*) from doctors d1_0
Hibernate: select count(*) from patients p1_0
Hibernate: select count(*) from appointments a1_0
Hibernate: select count(a1_0.id) from appointments a1_0 where a1_0.date_time between ? and ?
Hibernate: select u1_0.id,u1_0.email,u1_0.full_name,u1_0.password,u1_0.role from users u1_0 where u1_0.email=?
Hibernate: select u1_0.id,u1_0.email,u1_0.full_name,u1_0.password,u1_0.role from users u1_0 where u1_0.email=?
Hibernate: select u1_0.id,u1_0.email,u1_0.full_name,u1_0.password,u1_0.role from users u1_0 where u1_0.email=?
Hibernate: select count(*) from doctors d1_0
Hibernate: select count(*) from patients p1_0
Hibernate: select count(*) from appointments a1_0
Hibernate: select count(a1_0.id) from appointments a1_0 where a1_0.date_time between ? and ?
Hibernate: select u1_0.id,u1_0.email,u1_0.full_name,u1_0.password,u1_0.role from users u1_0 where u1_0.email=?
Hibernate: select count(*) from doctors d1_0
Hibernate: select count(*) from patients p1_0
Hibernate: select count(*) from appointments a1_0
Hibernate: select count(a1_0.id) from appointments a1_0 where a1_0.date_time between ? and ?
Hibernate: select u1_0.id,u1_0.email,u1_0.full_name,u1_0.password,u1_0.role from users u1_0 where u1_0.email=?
Hibernate: select d1_0.id,d1_0.experience_years,d1_0.specialization,d1_0.status,d1_0.user_id from doctors d1_0
Hibernate: select u1_0.id,u1_0.email,u1_0.full_name,u1_0.password,u1_0.role from users u1_0 where u1_0.id=?
Hibernate: select u1_0.id,u1_0.email,u1_0.full_name,u1_0.password,u1_0.role from users u1_0 where u1_0.id=?
Hibernate: select u1_0.id,u1_0.email,u1_0.full_name,u1_0.password,u1_0.role from users u1_0 where u1_0.id=?
Hibernate: select u1_0.id,u1_0.email,u1_0.full_name,u1_0.password,u1_0.role from users u1_0 where u1_0.id=?
Hibernate: select u1_0.id,u1_0.email,u1_0.full_name,u1_0.password,u1_0.role from users u1_0 where u1_0.email=?
Hibernate: select d1_0.id,d1_0.experience_years,d1_0.specialization,d1_0.status,d1_0.user_id from doctors d1_0
Hibernate: select u1_0.id,u1_0.email,u1_0.full_name,u1_0.password,u1_0.role from users u1_0 where u1_0.id=?
Hibernate: select u1_0.id,u1_0.email,u1_0.full_name,u1_0.password,u1_0.role from users u1_0 where u1_0.id=?
Hibernate: select u1_0.id,u1_0.email,u1_0.full_name,u1_0.password,u1_0.role from users u1_0 where u1_0.id=?
Hibernate: select u1_0.id,u1_0.email,u1_0.full_name,u1_0.password,u1_0.role from users u1_0 where u1_0.id=?
Hibernate: select u1_0.id,u1_0.email,u1_0.full_name,u1_0.password,u1_0.role from users u1_0 where u1_0.email=?
Hibernate: select count(*) from doctors d1_0
Hibernate: select count(*) from patients p1_0
Hibernate: select count(*) from appointments a1_0
Hibernate: select count(a1_0.id) from appointments a1_0 where a1_0.date_time between ? and ?
Hibernate: select u1_0.id,u1_0.email,u1_0.full_name,u1_0.password,u1_0.role from users u1_0 where u1_0.email=?
Hibernate: select count(*) from doctors d1_0
Hibernate: select count(*) from patients p1_0
Hibernate: select count(*) from appointments a1_0
Hibernate: select count(a1_0.id) from appointments a1_0 where a1_0.date_time between ? and ?
Hibernate: select u1_0.id,u1_0.email,u1_0.full_name,u1_0.password,u1_0.role from users u1_0 where u1_0.email=?
Hibernate: select p1_0.id,p1_0.contact_number,p1_0.dob,p1_0.gender,p1_0.user_id from patients p1_0
Hibernate: select u1_0.id,u1_0.email,u1_0.full_name,u1_0.password,u1_0.role from users u1_0 where u1_0.id=?
Hibernate: select u1_0.id,u1_0.email,u1_0.full_name,u1_0.password,u1_0.role from users u1_0 where u1_0.id=?
Hibernate: select u1_0.id,u1_0.email,u1_0.full_name,u1_0.password,u1_0.role from users u1_0 where u1_0.id=?
Hibernate: select u1_0.id,u1_0.email,u1_0.full_name,u1_0.password,u1_0.role from users u1_0 where u1_0.id=?
Hibernate: select u1_0.id,u1_0.email,u1_0.full_name,u1_0.password,u1_0.role from users u1_0 where u1_0.email=?
Hibernate: select p1_0.id,p1_0.contact_number,p1_0.dob,p1_0.gender,p1_0.user_id from patients p1_0
Hibernate: select u1_0.id,u1_0.email,u1_0.full_name,u1_0.password,u1_0.role from users u1_0 where u1_0.id=?
Hibernate: select u1_0.id,u1_0.email,u1_0.full_name,u1_0.password,u1_0.role from users u1_0 where u1_0.id=?
Hibernate: select u1_0.id,u1_0.email,u1_0.full_name,u1_0.password,u1_0.role from users u1_0 where u1_0.id=?
Hibernate: select u1_0.id,u1_0.email,u1_0.full_name,u1_0.password,u1_0.role from users u1_0 where u1_0.id=?
Hibernate: select u1_0.id,u1_0.email,u1_0.full_name,u1_0.password,u1_0.role from users u1_0 where u1_0.email=?
Hibernate: select count(*) from doctors d1_0
Hibernate: select count(*) from patients p1_0
Hibernate: select count(*) from appointments a1_0
Hibernate: select count(a1_0.id) from appointments a1_0 where a1_0.date_time between ? and ?
Hibernate: select u1_0.id,u1_0.email,u1_0.full_name,u1_0.password,u1_0.role from users u1_0 where u1_0.email=?
Hibernate: select count(*) from doctors d1_0
Hibernate: select count(*) from patients p1_0
Hibernate: select count(*) from appointments a1_0
Hibernate: select count(a1_0.id) from appointments a1_0 where a1_0.date_time between ? and ?
Hibernate: select u1_0.id,u1_0.email,u1_0.full_name,u1_0.password,u1_0.role from users u1_0 where u1_0.email=?
Hibernate: select d1_0.id,d1_0.experience_years,d1_0.specialization,d1_0.status,d1_0.user_id from doctors d1_0
Hibernate: select u1_0.id,u1_0.email,u1_0.full_name,u1_0.password,u1_0.role from users u1_0 where u1_0.id=?
Hibernate: select u1_0.id,u1_0.email,u1_0.full_name,u1_0.password,u1_0.role from users u1_0 where u1_0.id=?
Hibernate: select u1_0.id,u1_0.email,u1_0.full_name,u1_0.password,u1_0.role from users u1_0 where u1_0.id=?
Hibernate: select u1_0.id,u1_0.email,u1_0.full_name,u1_0.password,u1_0.role from users u1_0 where u1_0.id=?
Hibernate: select u1_0.id,u1_0.email,u1_0.full_name,u1_0.password,u1_0.role from users u1_0 where u1_0.email=?
Hibernate: select d1_0.id,d1_0.experience_years,d1_0.specialization,d1_0.status,d1_0.user_id from doctors d1_0
Hibernate: select u1_0.id,u1_0.email,u1_0.full_name,u1_0.password,u1_0.role from users u1_0 where u1_0.id=?
Hibernate: select u1_0.id,u1_0.email,u1_0.full_name,u1_0.password,u1_0.role from users u1_0 where u1_0.id=?
Hibernate: select u1_0.id,u1_0.email,u1_0.full_name,u1_0.password,u1_0.role from users u1_0 where u1_0.id=?
Hibernate: select u1_0.id,u1_0.email,u1_0.full_name,u1_0.password,u1_0.role from users u1_0 where u1_0.id=?
Hibernate: select u1_0.id,u1_0.email,u1_0.full_name,u1_0.password,u1_0.role from users u1_0 where u1_0.email=?
Hibernate: select count(*) from doctors d1_0
Hibernate: select count(*) from patients p1_0
Hibernate: select count(*) from appointments a1_0
Hibernate: select count(a1_0.id) from appointments a1_0 where a1_0.date_time between ? and ?
Hibernate: select u1_0.id,u1_0.email,u1_0.full_name,u1_0.password,u1_0.role from users u1_0 where u1_0.email=?
Hibernate: select count(*) from doctors d1_0
Hibernate: select count(*) from patients p1_0
Hibernate: select count(*) from appointments a1_0
Hibernate: select count(a1_0.id) from appointments a1_0 where a1_0.date_time between ? and ?
Hibernate: select u1_0.id,u1_0.email,u1_0.full_name,u1_0.password,u1_0.role from users u1_0 where u1_0.email=?
Hibernate: select u1_0.id,u1_0.email,u1_0.full_name,u1_0.password,u1_0.role from users u1_0 where u1_0.email=?
Hibernate: select u1_0.id,u1_0.email,u1_0.full_name,u1_0.password,u1_0.role from users u1_0 where u1_0.email=?
Hibernate: select count(*) from doctors d1_0
Hibernate: select count(*) from patients p1_0
Hibernate: select count(*) from appointments a1_0
Hibernate: select count(a1_0.id) from appointments a1_0 where a1_0.date_time between ? and ?
Hibernate: select u1_0.id,u1_0.email,u1_0.full_name,u1_0.password,u1_0.role from users u1_0 where u1_0.email=?
Hibernate: select count(*) from doctors d1_0
Hibernate: select count(*) from patients p1_0
Hibernate: select count(*) from appointments a1_0
Hibernate: select count(a1_0.id) from appointments a1_0 where a1_0.date_time between ? and ?
Hibernate: select u1_0.id,u1_0.email,u1_0.full_name,u1_0.password,u1_0.role from users u1_0 where u1_0.email=?
Hibernate: select u1_0.id,u1_0.email,u1_0.full_name,u1_0.password,u1_0.role from users u1_0 where u1_0.email=?
Hibernate: select u1_0.id,u1_0.email,u1_0.full_name,u1_0.password,u1_0.role from users u1_0 where u1_0.email=?
Hibernate: select u1_0.id,u1_0.email,u1_0.full_name,u1_0.password,u1_0.role from users u1_0 where u1_0.email=?
Hibernate: select count(*) from doctors d1_0
Hibernate: select count(*) from patients p1_0
Hibernate: select count(*) from appointments a1_0
Hibernate: select count(a1_0.id) from appointments a1_0 where a1_0.date_time between ? and ?
Hibernate: select u1_0.id,u1_0.email,u1_0.full_name,u1_0.password,u1_0.role from users u1_0 where u1_0.email=?
Hibernate: select count(*) from doctors d1_0
Hibernate: select count(*) from patients p1_0
Hibernate: select count(*) from appointments a1_0
Hibernate: select count(a1_0.id) from appointments a1_0 where a1_0.date_time between ? and ?
Hibernate: select u1_0.id,u1_0.email,u1_0.full_name,u1_0.password,u1_0.role from users u1_0 where u1_0.email=?
Hibernate: select u1_0.id,u1_0.email,u1_0.full_name,u1_0.password,u1_0.role from users u1_0 where u1_0.email=?
Hibernate: select u1_0.id,u1_0.email,u1_0.full_name,u1_0.password,u1_0.role from users u1_0 where u1_0.email=?
Hibernate: select count(*) from doctors d1_0
Hibernate: select count(*) from patients p1_0
Hibernate: select count(*) from appointments a1_0
Hibernate: select count(a1_0.id) from appointments a1_0 where a1_0.date_time between ? and ?
Hibernate: select u1_0.id,u1_0.email,u1_0.full_name,u1_0.password,u1_0.role from users u1_0 where u1_0.email=?
Hibernate: select count(*) from doctors d1_0
Hibernate: select count(*) from patients p1_0
Hibernate: select count(*) from appointments a1_0
Hibernate: select count(a1_0.id) from appointments a1_0 where a1_0.date_time between ? and ?
Hibernate: select u1_0.id,u1_0.email,u1_0.full_name,u1_0.password,u1_0.role from users u1_0 where u1_0.email=?
Hibernate: select u1_0.id,u1_0.email,u1_0.full_name,u1_0.password,u1_0.role from users u1_0 where u1_0.email=?
Hibernate: select u1_0.id,u1_0.email,u1_0.full_name,u1_0.password,u1_0.role from users u1_0 where u1_0.email=?
Hibernate: select count(*) from doctors d1_0
Hibernate: select count(*) from patients p1_0
Hibernate: select count(*) from appointments a1_0
Hibernate: select count(a1_0.id) from appointments a1_0 where a1_0.date_time between ? and ?
Hibernate: select u1_0.id,u1_0.email,u1_0.full_name,u1_0.password,u1_0.role from users u1_0 where u1_0.email=?
Hibernate: select count(*) from doctors d1_0
Hibernate: select count(*) from patients p1_0
Hibernate: select count(*) from appointments a1_0
Hibernate: select count(a1_0.id) from appointments a1_0 where a1_0.date_time between ? and ?
Hibernate: select u1_0.id,u1_0.email,u1_0.full_name,u1_0.password,u1_0.role from users u1_0 where u1_0.email=?
Hibernate: select u1_0.id,u1_0.email,u1_0.full_name,u1_0.password,u1_0.role from users u1_0 where u1_0.email=?
Hibernate: select u1_0.id,u1_0.email,u1_0.full_name,u1_0.password,u1_0.role from users u1_0 where u1_0.email=?
Hibernate: select count(*) from doctors d1_0
Hibernate: select count(*) from patients p1_0
Hibernate: select count(*) from appointments a1_0
Hibernate: select count(a1_0.id) from appointments a1_0 where a1_0.date_time between ? and ?
Hibernate: select u1_0.id,u1_0.email,u1_0.full_name,u1_0.password,u1_0.role from users u1_0 where u1_0.email=?
Hibernate: select count(*) from doctors d1_0
Hibernate: select count(*) from patients p1_0
Hibernate: select count(*) from appointments a1_0
Hibernate: select count(a1_0.id) from appointments a1_0 where a1_0.date_time between ? and ?
Hibernate: select u1_0.id,u1_0.email,u1_0.full_name,u1_0.password,u1_0.role from users u1_0 where u1_0.email=?
Hibernate: select u1_0.id,u1_0.email,u1_0.full_name,u1_0.password,u1_0.role from users u1_0 where u1_0.email=?
Hibernate: select u1_0.id,u1_0.email,u1_0.full_name,u1_0.password,u1_0.role from users u1_0 where u1_0.email=?
Hibernate: select count(*) from doctors d1_0
Hibernate: select count(*) from patients p1_0
Hibernate: select count(*) from appointments a1_0
Hibernate: select count(a1_0.id) from appointments a1_0 where a1_0.date_time between ? and ?
Hibernate: select u1_0.id,u1_0.email,u1_0.full_name,u1_0.password,u1_0.role from users u1_0 where u1_0.email=?
Hibernate: select count(*) from doctors d1_0
Hibernate: select count(*) from patients p1_0
Hibernate: select count(*) from appointments a1_0
Hibernate: select count(a1_0.id) from appointments a1_0 where a1_0.date_time between ? and ?
Hibernate: select u1_0.id,u1_0.email,u1_0.full_name,u1_0.password,u1_0.role from users u1_0 where u1_0.email=?
Hibernate: select u1_0.id,u1_0.email,u1_0.full_name,u1_0.password,u1_0.role from users u1_0 where u1_0.email=?
Hibernate: select u1_0.id,u1_0.email,u1_0.full_name,u1_0.password,u1_0.role from users u1_0 where u1_0.email=?
Hibernate: select u1_0.id,u1_0.email,u1_0.full_name,u1_0.password,u1_0.role from users u1_0 where u1_0.email=?
Hibernate: select p1_0.id,p1_0.contact_number,p1_0.dob,p1_0.gender,p1_0.user_id from patients p1_0 where p1_0.user_id=?
Hibernate: select a1_0.id,a1_0.date_time,a1_0.doctor_id,a1_0.notes,a1_0.patient_id,a1_0.status from appointments a1_0 where a1_0.patient_id=?
Hibernate: select d1_0.id,d1_0.experience_years,d1_0.specialization,d1_0.status,u1_0.id,u1_0.email,u1_0.full_name,u1_0.password,u1_0.role from doctors d1_0 left join users u1_0 on u1_0.id=d1_0.user_id where d1_0.id=?
Hibernate: select d1_0.id,d1_0.experience_years,d1_0.specialization,d1_0.status,u1_0.id,u1_0.email,u1_0.full_name,u1_0.password,u1_0.role from doctors d1_0 left join users u1_0 on u1_0.id=d1_0.user_id where d1_0.id=?
Hibernate: select u1_0.id,u1_0.email,u1_0.full_name,u1_0.password,u1_0.role from users u1_0 where u1_0.email=?
Hibernate: select u1_0.id,u1_0.email,u1_0.full_name,u1_0.password,u1_0.role from users u1_0 where u1_0.email=?
Hibernate: select p1_0.id,p1_0.contact_number,p1_0.dob,p1_0.gender,p1_0.user_id from patients p1_0 where p1_0.user_id=?
Hibernate: select a1_0.id,a1_0.date_time,a1_0.doctor_id,a1_0.notes,a1_0.patient_id,a1_0.status from appointments a1_0 where a1_0.patient_id=?
Hibernate: select d1_0.id,d1_0.experience_years,d1_0.specialization,d1_0.status,u1_0.id,u1_0.email,u1_0.full_name,u1_0.password,u1_0.role from doctors d1_0 left join users u1_0 on u1_0.id=d1_0.user_id where d1_0.id=?
Hibernate: select d1_0.id,d1_0.experience_years,d1_0.specialization,d1_0.status,u1_0.id,u1_0.email,u1_0.full_name,u1_0.password,u1_0.role from doctors d1_0 left join users u1_0 on u1_0.id=d1_0.user_id where d1_0.id=?
Hibernate: select u1_0.id,u1_0.email,u1_0.full_name,u1_0.password,u1_0.role from users u1_0 where u1_0.email=?
Hibernate: select u1_0.id,u1_0.email,u1_0.full_name,u1_0.password,u1_0.role from users u1_0 where u1_0.email=?
Hibernate: select u1_0.id,u1_0.email,u1_0.full_name,u1_0.password,u1_0.role from users u1_0 where u1_0.email=?
Hibernate: select u1_0.id,u1_0.email,u1_0.full_name,u1_0.password,u1_0.role from users u1_0 where u1_0.email=?
Hibernate: select p1_0.id,p1_0.contact_number,p1_0.dob,p1_0.gender,p1_0.user_id from patients p1_0 where p1_0.user_id=?
Hibernate: select a1_0.id,a1_0.date_time,a1_0.doctor_id,a1_0.notes,a1_0.patient_id,a1_0.status from appointments a1_0 where a1_0.patient_id=?
Hibernate: select d1_0.id,d1_0.experience_years,d1_0.specialization,d1_0.status,u1_0.id,u1_0.email,u1_0.full_name,u1_0.password,u1_0.role from doctors d1_0 left join users u1_0 on u1_0.id=d1_0.user_id where d1_0.id=?
Hibernate: select d1_0.id,d1_0.experience_years,d1_0.specialization,d1_0.status,u1_0.id,u1_0.email,u1_0.full_name,u1_0.password,u1_0.role from doctors d1_0 left join users u1_0 on u1_0.id=d1_0.user_id where d1_0.id=?
Hibernate: select u1_0.id,u1_0.email,u1_0.full_name,u1_0.password,u1_0.role from users u1_0 where u1_0.email=?
Hibernate: select u1_0.id,u1_0.email,u1_0.full_name,u1_0.password,u1_0.role from users u1_0 where u1_0.email=?
Hibernate: select p1_0.id,p1_0.contact_number,p1_0.dob,p1_0.gender,p1_0.user_id from patients p1_0 where p1_0.user_id=?
Hibernate: select a1_0.id,a1_0.date_time,a1_0.doctor_id,a1_0.notes,a1_0.patient_id,a1_0.status from appointments a1_0 where a1_0.patient_id=?
Hibernate: select d1_0.id,d1_0.experience_years,d1_0.specialization,d1_0.status,u1_0.id,u1_0.email,u1_0.full_name,u1_0.password,u1_0.role from doctors d1_0 left join users u1_0 on u1_0.id=d1_0.user_id where d1_0.id=?
Hibernate: select d1_0.id,d1_0.experience_years,d1_0.specialization,d1_0.status,u1_0.id,u1_0.email,u1_0.full_name,u1_0.password,u1_0.role from doctors d1_0 left join users u1_0 on u1_0.id=d1_0.user_id where d1_0.id=?
Hibernate: select u1_0.id,u1_0.email,u1_0.full_name,u1_0.password,u1_0.role from users u1_0 where u1_0.email=?
Hibernate: select u1_0.id,u1_0.email,u1_0.full_name,u1_0.password,u1_0.role from users u1_0 where u1_0.email=?
Hibernate: select u1_0.id,u1_0.email,u1_0.full_name,u1_0.password,u1_0.role from users u1_0 where u1_0.email=?
Hibernate: select u1_0.id,u1_0.email,u1_0.full_name,u1_0.password,u1_0.role from users u1_0 where u1_0.email=?
Hibernate: select d1_0.id,d1_0.experience_years,d1_0.specialization,d1_0.status,d1_0.user_id from doctors d1_0 where d1_0.user_id=?
Hibernate: select a1_0.id,a1_0.date_time,a1_0.doctor_id,a1_0.notes,a1_0.patient_id,a1_0.status from appointments a1_0 where a1_0.doctor_id=?
Hibernate: select u1_0.id,u1_0.email,u1_0.full_name,u1_0.password,u1_0.role from users u1_0 where u1_0.email=?
Hibernate: select u1_0.id,u1_0.email,u1_0.full_name,u1_0.password,u1_0.role from users u1_0 where u1_0.email=?
Hibernate: select d1_0.id,d1_0.experience_years,d1_0.specialization,d1_0.status,d1_0.user_id from doctors d1_0 where d1_0.user_id=?
Hibernate: select a1_0.id,a1_0.date_time,a1_0.doctor_id,a1_0.notes,a1_0.patient_id,a1_0.status from appointments a1_0 where a1_0.doctor_id=?
2026-01-26T02:36:08.441+05:45  INFO 73111 --- [nepheal-backend] [ionShutdownHook] o.s.boot.tomcat.GracefulShutdown         : Commencing graceful shutdown. Waiting for active requests to complete
2026-01-26T02:36:08.447+05:45  INFO 73111 --- [nepheal-backend] [tomcat-shutdown] o.s.boot.tomcat.GracefulShutdown         : Graceful shutdown complete
2026-01-26T02:36:08.452+05:45  INFO 73111 --- [nepheal-backend] [ionShutdownHook] j.LocalContainerEntityManagerFactoryBean : Closing JPA EntityManagerFactory for persistence unit 'default'
2026-01-26T02:36:08.454+05:45  INFO 73111 --- [nepheal-backend] [ionShutdownHook] com.zaxxer.hikari.HikariDataSource       : HikariPool-1 - Shutdown initiated...
2026-01-26T02:36:08.455+05:45  INFO 73111 --- [nepheal-backend] [ionShutdownHook] com.zaxxer.hikari.HikariDataSource       : HikariPool-1 - Shutdown completed.
